-450291-0	333.333333333333	X	X
1001653-2096799-0	322.58064516129	X	X
1006385-2106456-0	315.789473684211	X	X
100931-542442-0	405.405405405405	X	X
1011011-2116202-0	461.538461538462	X	X
1011573-2117268-0	312.5	X	X
1011573-2117268-275377	312.5	X	X
101188-268272-0	461.538461538462	X	X
1020429-2143040-0	336.68144324112	X	X
1020429-2143040-23930	336.68144324112	X	X
1022393-2154520-0	322.58064516129	X	X
1022787-2146288-0	645.161290322581	X	X
1022787-2146288-20659	322.58064516129	X	X
1032163-2185535-0	352.88928098809	X	X
103372-333080-0	333.333333333333	X	X
103372-333080-125010	333.333333333333	X	X
1034008-2161929-0	300	X	X
1034108-2182483-0	594.059405940594	X	X
1035110-2164190-0	322.58064516129	X	X
10353-0-0	0	X	X
10368-0-0	0	X	X
1041518-2184660-0	359.281437125748	X	X
10435-0-0	0	X	X
105350-276588-0	405.405405405405	X	X
105350-276588-62253	405.405405405405	X	X
1054045-2202493-0	333.333333333333	X	X
1054045-2202493-203420	413.793103448276	X	X
1054045-2202493-380556	333.333333333333	X	X
1057368-2210068-0	389.61038961039	X	X
1058282-2361078-0	405.405405405405	X	X
106010-278273-0	240	X	X
1065214-2230617-0	468.75	X	X
1065214-2230617-127816	351.906158357771	X	X
1065214-2230617-157840	468.75	X	X
1065595-2231626-0	601.805416248746	X	X
1073023-0-0	387.096774193548	X	X
107644-281989-0	382.165605095541	X	X
1076622-2252784-155043	375	X	X
1076622-2252784-352527	1621.62162162162	X	X
1076622-2252784-74047	750	X	X
1078668-2256987-0	428.571428571429	X	X
1079510-2258534-0	352.941176470588	X	X
1079510-2258534-144243	386.676454720617	X	X
1079510-2258534-222350	387.606206360516	X	X
1079510-2258534-268087	443.131462333826	X	X
1079510-2258534-287141	446.671462333826	X	X
1079510-2258534-30150	352.941176470588	X	X
1079510-2258534-94664	387.366454720617	X	X
1083775-2266575-0	508.474576271186	X	X
1086389-2271873-0	350.877192982456	X	X
1092562-2283853-100666	645.161290322581	X	X
1092562-2283853-167762	645.161290322581	X	X
1092562-2283853-190988	645.161290322581	X	X
1092562-2283853-214215	645.161290322581	X	X
1092562-2283853-23249	645.161290322581	X	X
1092562-2283853-46474	645.161290322581	X	X
1093127-2284898-0	365.820199372009	X	X
1093562-2286572-12608	375	X	X
109401-302493-0	294.117647058824	X	X
1094931-2607920-0	441.176470588235	X	X
1095969-2342086-0	512.820512820513	X	X
1098181-2321761-0	413.793103448276	X	X
1098181-2321761-203260	689.655172413793	X	X
110126-311665-0	363.636363636364	X	X
110126-311665-62154	363.636363636364	X	X
1101591-2303247-0	312.5	X	X
110557-287979-0	427.651976821263	X	X
1107950-2315562-0	338.983050847458	X	X
1107950-2315562-119901	338.983050847458	X	X
1107950-2315562-86003	338.983050847458	X	X
111045-310385-0	324.324324324324	X	X
111045-310385-111666	324.324324324324	X	X
111045-310385-44856	324.324324324324	X	X
1111107-2384692-0	566.037735849057	X	X
1111107-2384692-262195	566.037735849057	X	X
1111295-2361060-0	342.857142857143	X	X
1114556-2328228-0	350.877192982456	X	X
111760-290581-0	344.827586206897	X	X
1118283-2335871-0	370.37037037037	X	X
1118726-2346547-0	394.736842105263	X	X
112037-294729-0	454.545454545455	X	X
1121120-2342557-0	312.5	X	X
1121120-2342557-333029	750	X	X
1121120-2342557-428622	312.5	X	X
112408-292006-0	346.820809248555	X	X
112651-305259-0	369.230769230769	X	X
1126845-2354365-0	472.44094488189	X	X
112941-293193-0	392.156862745098	X	X
11322-0-0	0	X	X
113458-979405-0	300	X	X
11375-0-0	0	X	X
114220-948371-0	337.078651685393	X	X
114987-297668-0	315.789473684211	X	X
11499-0-0	0	X	X
115011-300183-0	521.739130434783	X	X
115193-347745-0	375	X	X
1155295-2410950-0	288.461538461538	X	X
11558-0-0	0	X	X
1156409-2465709-26555	594.059405940594	X	X
1156409-2465709-715	594.059405940594	X	X
1158202-2417097-0	315.789473684211	X	X
1159718-2419834-0	340.909090909091	X	X
1164270-2428685-0	400	X	X
1167380-2435698-0	566.037735849057	X	X
1167380-2435698-214103	566.037735849057	X	X
1167380-2435698-261643	564.440263405456	X	X
1167380-2435698-275190	566.037735849057	X	X
1167380-2435698-291072	566.037735849057	X	X
1170512-2441822-0	483.870967741935	X	X
1171923-2444391-0	400	X	X
1173332-2452646-0	300	X	X
1173332-2452646-60030	600	X	X
11775-0-0	0	X	X
117869-303489-0	191.082802547771	X	X
1181343-2535687-0	352.941176470588	X	X
11841-0-0	0	X	X
118687-305009-0	405.405405405405	X	X
118763-430110-0	300	X	X
118763-430110-101564	300	X	X
118763-430110-139964	300	X	X
118763-430110-36167	300	X	X
118763-430110-50853	300	X	X
118763-430110-75694	300	X	X
1187931-2475581-0	342.857142857143	X	X
1194377-2641000-0	344.827586206897	X	X
119447-307289-0	282.992170549948	X	X
119467-306725-0	447.761194029851	X	X
119779-307412-0	416.666666666667	X	X
119990-307831-0	405.405405405405	X	X
120058-307981-0	300	X	X
1202320-2515388-0	375	X	X
1202320-2515388-16373	307.692307692308	X	X
12026-0-0	0	X	X
1213131-2524879-0	355.029585798817	X	X
1213131-2524879-167196	355.029585798817	X	X
1213131-2524879-73469	355.029585798817	X	X
121662-315741-0	300	X	X
12216-0-0	0	X	X
1224414-2567311-0	545.454545454546	X	X
122605-315260-13273	300	X	X
122605-315260-178873	300	X	X
122605-315260-205273	300	X	X
122605-315260-2473.52634123162	300	X	X
122605-315260-81673	300	X	X
1229471-2563913-0	310.880829015544	X	X
1233402-2564107-0	342.857142857143	X	X
1235110-2701875-0	454.545454545455	X	X
123593-315552-0	451.127819548872	X	X
12377-0-0	0	X	X
123839-344619-0	422.535211267606	X	X
1238759-2608001-0	461.538461538462	X	X
124857-318052-0	468.75	X	X
125079-318562-0	342.857142857143	X	X
1253246-2651508-0	331.491712707182	X	X
125511-319499-0	272.727272727273	X	X
125511-319499-165873	272.727272727273	X	X
125843-620303-0	400	X	X
125843-620303-26701	250	X	X
1259273-2617769-0	333.333333333333	X	X
126157-320712-0	300	X	X
1265315-2629667-0	361.44578313253	X	X
126628-321668-0	400	X	X
1270122-2640465-0	300	X	X
1273378-2646064-0	428.571428571429	X	X
1274974-2649160-0	352.941176470588	X	X
1274974-2649160-17488	352.941176470588	X	X
1276862-2654115-0	434.782608695652	X	X
127712-323769-0	428.571428571429	X	X
1280436-2659781-0	333.333333333333	X	X
1280436-2659781-109900	363.636363636364	X	X
1280436-2659781-143493	631.578947368421	X	X
1280436-2659781-15123	400	X	X
1280436-2659781-161162	631.578947368421	X	X
1280436-2659781-226961	363.636363636364	X	X
1280436-2659781-237142	375	X	X
1280436-2659781-291162	400	X	X
1280436-2659781-304762	400	X	X
1280436-2659781-52713	363.636363636364	X	X
1280436-2659781-73355	375	X	X
1281273-2661270-0	357.142857142857	X	X
1281581-2661970-0	363.636363636364	X	X
128223-499708-0	337.078651685393	X	X
1285462-2668989-0	300	X	X
128652-325674-0	348.837209302326	X	X
1287-0-0	0	X	X
12892-0-0	0	X	X
128931-847316-0	342.857142857143	X	X
1295855-2688681-0	333.333333333333	X	X
129676-327526-0	631.578947368421	X	X
129676-327526-163162	631.578947368421	X	X
129676-327526-173266	315.789473684211	X	X
1301735-2699986-0	454.545454545455	X	X
130308-328748-0	550.45871559633	X	X
13094-0-0	0	X	X
131854-345413-0	413.793103448276	X	X
132044-469566-0	405.405405405405	X	X
1323207-2916911-0	294.117647058824	X	X
133245-344278-0	285.714285714286	X	X
133278-334760-0	714.370758423622	X	X
133278-334760-160785	697.755552971276	X	X
133278-334760-245061	526.315789473684	X	X
133278-334760-261903	263.157894736842	X	X
133278-334760-329177	697.674418604651	X	X
133278-334760-49158	348.837209302326	X	X
133440-335041-142677	222.222222222222	X	X
133440-335041-23581	222.222222222222	X	X
133440-335041-73349	222.222222222222	X	X
134203-336701-0	588.235294117647	X	X
135058-446215-0	363.636363636364	X	X
135058-446215-118100	500	X	X
135058-446215-71464	363.636363636364	X	X
136095-340843-0	437.956204379562	X	X
13762-0-0	0	X	X
137665-368261-0	342.857142857143	X	X
138554-346020-0	714.285714285714	X	X
13887-0-0	0	X	X
138982-346988-0	344.827586206897	X	X
13953-0-0	0	X	X
1398443-2885482-0	468.75	X	X
140241-537484-0	594.059405940594	X	X
140662-351189-0	468.75	X	X
140845-358001-0	265.486725663717	X	X
140845-358001-104824	265.486725663717	X	X
141437-352756-0	428.571428571429	X	X
141437-352756-19705	333.333333333333	X	X
141437-352756-210047	387.096774193548	X	X
141437-352756-250304	387.096774193548	X	X
14236-0-0	0	X	X
142545-355533-0	444.444444444444	X	X
143397-507728-0	329.67032967033	X	X
143457-985471-0	346.820809248555	X	X
143608-357145-0	285.714285714286	X	X
143717-357381-0	337.078651685393	X	X
143717-357381-11490	337.078651685393	X	X
14405-0-0	0	X	X
144190-358299-0	359.281437125748	X	X
145215-527001-0	265.486725663717	X	X
145215-527001-90811	265.486725663717	X	X
145909-363408-0	400	X	X
146474-370883-0	337.078651685393	X	X
1473909-3025038-0	314.13612565445	X	X
147724-365661-0	508.474576271186	X	X
147773-366835-0	375	X	X
148003-371337-0	500	X	X
148003-371337-13648	300	X	X
148413-367422-0	400	X	X
14892-0-0	0	X	X
149648-374778-0	317.460317460317	X	X
149648-374778-21727	317.460317460317	X	X
149648-374778-68076	317.460317460317	X	X
14983-0-0	0	X	X
150577-372244-0	379.746835443038	X	X
150577-372244-80470	387.096774193548	X	X
150577-372244-91309	379.746835443038	X	X
15066-96165-0	365.853658536585	X	X
15086-0-0	0	X	X
151232-374899-0	472.44094488189	X	X
15156-0-0	0	X	X
151720-421532-0	342.857142857	X	X
151985-377090-0	461.538461538462	X	X
152617-375467-0	359.281437125748	X	X
153206-376736-0	468.75	X	X
153209-387635-0	375.117224132541	X	X
153776-476149-0	315.789473684211	X	X
153776-476149-32029	315.789473684211	X	X
153776-476149-98660	315.789473684211	X	X
154058-384974-0	333.333333333333	X	X
154058-384974-56581	333.333333333333	X	X
154058-384974-77914	333.333333333333	X	X
154833-380029-0	363.636363636364	X	X
155008-380426-0	333.333333333333	X	X
155749-545556-0	336.134453781513	X	X
155945-382332-0	419.58041958042	X	X
156235-389684-0	333.333333333333	X	X
156235-389684-83981	333.333333333333	X	X
15649-0-0	0	X	X
156742-401650-0	521.739130434783	X	X
156805-384093-3390	348.837209302326	X	X
157168-402624-0	387.096774193548	X	X
157617-535563-0	285.714285714286	X	X
157617-535563-229217	285.714285714286	X	X
158023-554519-0	250	X	X
158811-388353-180292	468.75	X	X
158811-388353-223417	234.375	X	X
158811-388353-67792	234.375	X	X
158811-388353-7791	468.75	X	X
160201-391522-0	408.163265306122	X	X
160553-395599-0	352.941176470588	X	X
161089-1073247-0	333.333333333333	X	X
16151-0-0	0	X	X
162996-408494-6665	333.333333333333	X	X
163112-397535-0	468.75	X	X
163434-766098-0	365.853658536585	X	X
163701-398759-0	461.538461538462	X	X
163808-399017-0	279.06976744186	X	X
16650-0-0	0	X	X
166583-405716-0	400	X	X
166583-405716-18867	355.029585798817	X	X
16772-0-0	0	X	X
16792-0-0	0	X	X
168201-428931-0	400	X	X
168201-428931-18952	355.029585798817	X	X
169081-409871-0	200.002666702223	X	X
169081-409871-144831	400.005333404445	X	X
169848-550087-0	428.571428571429	X	X
16990-0-0	0	X	X
17145-0-0	0	X	X
171723-415307-0	329.67032967033	X	X
17218-0-0	0	X	X
172900-417898-0	400	X	X
172907-417912-0	400	X	X
172907-417912-19049	355.029585798817	X	X
173288-418725-0	338.983050847458	X	X
173288-418725-320286	517.241379310345	X	X
17346-0-0	0	X	X
17393-0-0	0	X	X
174340-420964-0	300	X	X
174417-905424-0	387.096774193548	X	X
17452-0-0	0	X	X
175241-422762-8055	333.333333333333	X	X
175671-703584-0	370.37037037037	X	X
177444-427090-0	312.5	X	X
177444-427090-198677	312.5	X	X
177444-427090-72427	312.5	X	X
177444-427090-93677	312.5	X	X
177561-427375-0	355.029585798817	X	X
17926-0-0	0	X	X
179486-431519-0	394.736842105263	X	X
179486-431519-75014	394.736842105263	X	X
179726-432032-0	387.096774193548	X	X
180366-433441-0	612.244897959184	X	X
180679-434069-104810	265.486725663717	X	X
180679-434069-157907	530.973451327434	X	X
180679-434069-183393	265.486725663717	X	X
180679-434069-229985	265.486725663717	X	X
180679-434069-25693	265.486725663717	X	X
180679-434069-8702	265.486725663717	X	X
180721-454736-0	331.491712707182	X	X
180735-434189-0	263.157894736842	X	X
181430-509269-0	612.244897959184	X	X
181492-435652-0	333.333333333333	X	X
181917-438096-0	350.631136044881	X	X
183267-440413-0	307.692307692308	X	X
183540-439652-0	363.636363636364	X	X
183656-483186-0	307.692307692308	X	X
183656-483186-24442	307.692307692308	X	X
185250-763294-0	317.460317460317	X	X
185257-565256-0	472.44094488189	X	X
18571-0-0	0	X	X
186318-487589-0	344.827586206897	X	X
186340-590337-0	315.789473684211	X	X
186340-590337-138049	315.789473684211	X	X
186340-590337-224891	315.789473684211	X	X
18923-0-0	0	X	X
189529-480648-0	333.333333333333	X	X
190222-453042-0	350.877192982456	X	X
190390-453358-0	461.538461538462	X	X
190390-453358-119920	461.538461538462	X	X
190851-454632-0	326.086956521739	X	X
191723-456277-255230	400	X	X
191723-456277-830	400	X	X
194105-461045-0	375	X	X
194105-461045-64188	375	X	X
194105-461045-86688	375	X	X
194252-504535-0	461.538461538462	X	X
194252-504535-147839	461.538461538462	X	X
194252-504535-177387	461.538461538462	X	X
194252-504535-192617	461.538461538462	X	X
194861-472110-0	382.158302707592	X	X
19787-0-0	0	X	X
200261-474730-0	419.433764418036	X	X
200308-937709-0	211.267605633803	X	X
201118-476337-0	300	X	X
201282-476656-0	405.405405405405	X	X
201502-480480-0	681.818181818182	X	X
201502-480480-56255	681.818181818182	X	X
201729-477557-0	419.287211740042	X	X
20201-0-0	0	X	X
20290-0-0	0	X	X
203567-498644-0	342.857142857143	X	X
203920-482161-0	333.333333333333	X	X
204089-482019-0	434.782608695652	X	X
204428-482766-0	307.692307692308	X	X
205660-542249-0	342.857142857143	X	X
206075-800654-0	304.568527918782	X	X
206895-494426-0	491.803278688525	X	X
206984-487833-0	447.761194029851	X	X
206984-487833-124726	600	X	X
206984-487833-144760	600	X	X
206984-487833-193153	909.090909090909	X	X
206984-487833-223153	659.340659340659	X	X
206984-487833-234196	333.333333333333	X	X
206984-487833-258828	326.086956521739	X	X
206984-487833-285404	315.789473684211	X	X
206984-487833-29040	428.571428571429	X	X
206984-487833-296060	315.789473684211	X	X
206984-487833-67790	447.761194029851	X	X
206984-487833-89880	461.538461538462	X	X
207045-487951-0	329.67032967033	X	X
210731-495651-0	387.096774193548	X	X
210731-495651-139995	789.556795452153	X	X
210731-495651-294748	394.752424437807	X	X
210937-500194-0	606.060606060606	X	X
211095-496492-0	491.803278688525	X	X
211516-502973-0	606.060606060606	X	X
211586-497555-0	606.060606060606	X	X
21219-0-0	0	X	X
21316-0-0	0	X	X
215151-515359-0	408.163265306122	X	X
215819-520019-0	461.538461538462	X	X
21724-0-0	0	X	X
21754-0-0	0	X	X
217628-521681-0	363.636363636364	X	X
218654-512462-0	333.329629670781	X	X
21926-0-0	0	X	X
219380-637623-0	272.727272727273	X	X
21960-0-0	0	X	X
219728-549280-0	324.324324324324	X	X
219728-549280-76459	324.324324324324	X	X
219728-549280-86999	324.324324324324	X	X
22020-0-0	0	X	X
220694-516452-0	342.857142857143	X	X
220785-689060-0	258.620689655172	X	X
221801-528543-0	363.636363636364	X	X
221932-543532-0	434.782608695652	X	X
221932-543532-204633	465.116279069767	X	X
221954-519080-0	444.444444444444	X	X
221954-519080-56073	444.444444444444	X	X
222255-519650-0	357.142857142857	X	X
222342-525630-0	220.588235294118	X	X
22276-0-0	0	X	X
223779-522604-0	416.666666666667	X	X
223779-522604-203355	416.666666666667	X	X
224203-524096-14938	333.333333333333	X	X
224203-524096-36271	333.333333333333	X	X
224203-524096-52270	333.333333333333	X	X
224293-606563-0	357.142857142857	X	X
224294-533274-0	659.340659340659	X	X
22472-0-0	0	X	X
226582-531151-14887	333.333333333333	X	X
226582-531151-36220	333.333333333333	X	X
226582-531151-52219	333.333333333333	X	X
226995-994893-0	705.882352941176	X	X
226995-994893-117300	666.666666666667	X	X
226995-994893-224264	300	X	X
226995-994893-262672	300	X	X
226995-994893-277072	300	X	X
226995-994893-312896	916.030534351145	X	X
226995-994893-323888	1000	X	X
227128-749723-0	342.857142857143	X	X
227693-530504-0	331.491712707182	X	X
228402-531896-4352	352.941176470588	X	X
229745-534445-0	352.941176470588	X	X
230040-567254-0	345.443030686856	X	X
230094-535334-0	631.578947368421	X	X
230094-535334-131914	631.578947368421	X	X
230094-535334-54862	631.578947368421	X	X
230442-535973-0	359.281437125748	X	X
230736-561814-0	333.333333333333	X	X
231691-538286-0	444.444444444444	X	X
232290-539578-0	295.566502463054	X	X
232290-539578-19588	295.566502463054	X	X
232290-539578-76336	295.566502463054	X	X
233039-541044-0	272.727272727273	X	X
234281-1079813-0	230.769230769231	X	X
234455-638175-0	428.571428571429	X	X
234919-599979-51881	333.333333333333	X	X
234919-599979-8715	333.333333333333	X	X
235008-544850-0	666.666666666667	X	X
236231-547254-0	399.893361770195	X	X
236231-547254-147804	399.893361770195	X	X
236231-547254-88565	400.266844563042	X	X
237117-1049910-0	500	X	X
237117-1049910-156240	582.52427184466	X	X
237117-1049910-174760	500	X	X
237490-599293-0	326.086956521739	X	X
237490-599293-157173	326.086956521739	X	X
237490-599293-183260	326.086956521739	X	X
237515-609855-0	342.857142857143	X	X
238004-550615-0	468.75	X	X
23906-0-0	0	X	X
239359-656312-0	645.091925599398	X	X
239584-553854-0	689.655172413793	X	X
239584-553854-159824	689.655172413793	X	X
239727-554198-0	285.708508634223	X	X
239822-554438-0	402.684563758389	X	X
23987-0-0	0	X	X
240406-556619-0	319.148936170213	X	X
240406-556619-306461	638.297872340426	X	X
240926-576789-0	322.58064516129	X	X
240926-576789-188499	322.58064516129	X	X
241064-556909-0	400	X	X
241218-572692-0	300	X	X
241526-557821-0	329.67032967033	X	X
241526-557821-119637	659.340659340659	X	X
241526-557821-161834	329.67032967033	X	X
241526-557821-206669	659.340659340659	X	X
24172-0-0	0	X	X
242360-559448-0	331.491712707182	X	X
243072-560857-0	333.333333333333	X	X
244684-563971-0	357.142857142857	X	X
244684-563971-277989	370.37037037037	X	X
248173-570975-0	389.61038961039	X	X
24838-0-0	0	X	X
249490-573627-0	333.333333333333	X	X
249939-574471-0	368.098159509202	X	X
251437-577517-0	346.820809248555	X	X
25248-0-0	0	X	X
25299-0-0	0	X	X
254309-583343-0	342.857142857143	X	X
254801-584317-0	357.142857142857	X	X
255637-587103-0	400	X	X
256467-592739-0	342.857142857143	X	X
257793-663881-0	333.333333333333	X	X
257937-590219-0	326.090659340658	X	X
25802-0-0	0	X	X
258149-590643-0	461.538461538462	X	X
258187-590687-0	461.538461538462	X	X
25825-0-0	0	X	X
25931-0-0	0	X	X
26121-0-0	0	X	X
26145-0-0	0	X	X
263461-600891-0	300	X	X
264299-623835-0	342.857142857143	X	X
264651-603213-0	369.230769230769	X	X
26767-0-0	0	X	X
267767-618865-0	306.122448979592	X	X
267767-618865-220926	631.578947368421	X	X
268353-631435-0	363.636363636364	X	X
268509-1079089-0	344.827586206897	X	X
26860-0-0	0	X	X
271481-879418-0	337.078651685393	X	X
27199-0-0	0	X	X
273849-621983-0	365.853658536585	X	X
274587-871202-0	387.096774193548	X	X
274593-623191-0	465.116279069767	X	X
274645-623277-0	315.789473684211	X	X
27523-0-0	0	X	X
275305-624407-0	472.44094488189	X	X
276963-628687-0	337.078651685393	X	X
277227-628277-0	352.941176470588	X	X
277421-720172-0	389.61038961039	X	X
27790-0-0	0	X	X
277937-629733-0	472.44094488189	X	X
280107-633993-0	387.096774193548	X	X
28050-0-0	0	X	X
28165-0-0	0	X	X
281825-637441-0	413.793103448276	X	X
28245-0-0	0	X	X
28342-0-0	0	X	X
28459-0-0	0	X	X
284609-643067-0	405.405405405405	X	X
284703-643245-0	363.636363636364	X	X
286168-1219310-0	209.79020979021	X	X
28621-0-0	0	X	X
286471-646737-0	292.682926829268	X	X
286729-675861-100336	361.44578313253	X	X
286729-675861-123468	348.837209302326	X	X
286729-675861-63935	382.165605095541	X	X
286729-675861-8484	387.096774193548	X	X
286729-675861-85336	375	X	X
28705-0-0	0	X	X
287612-648876-0	333.333333333333	X	X
288950-662093-0	333.333333333333	X	X
288997-672327-0	375	X	X
289074-651744-137459	363.636363636364	X	X
289074-651744-172368	363.636363636364	X	X
289074-651744-213822	363.636363636364	X	X
289074-651744-253095	363.636363636364	X	X
289074-651744-274923	363.636363636364	X	X
289074-651744-315655	363.636363636364	X	X
289074-651744-3661	363.636363636364	X	X
289074-651744-41459	363.636363636364	X	X
289074-651744-69094	363.636363636364	X	X
289074-651744-98186	363.636363636364	X	X
290951-663674-0	342.857142857143	X	X
290961-655316-111791	375	X	X
290961-655316-19076	476.190476190476	X	X
290961-655316-56389	422.535211267606	X	X
291386-656134-0	315.789473684211	X	X
291495-757386-0	359.281437125748	X	X
291689-759823-144406	461.538461538462	X	X
291689-759823-177636	230.769230769231	X	X
291689-759823-207174	461.538461538462	X	X
291689-759823-223789	230.769230769231	X	X
291689-759823-44714	230.769230769231	X	X
292077-658387-0	326.086956521739	X	X
292083-657519-0	387.096774193548	X	X
292418-658120-0	317.460317460317	X	X
292418-658120-130382	317.460317460317	X	X
292418-658120-283397	317.460317460317	X	X
292418-658120-298636	317.460317460317	X	X
292644-658561-0	666.666666666667	X	X
292644-658561-136780	600	X	X
292644-658561-26061	333.333333333333	X	X
293132-659497-0	342.857142857143	X	X
29355-0-0	0	X	X
293563-885136-10563	297.029702970297	X	X
293563-885136-74722	297.029702970297	X	X
294042-670743-0	400	X	X
294042-670743-21736	329.67032967033	X	X
294042-670743-252893	714.285714285714	X	X
294803-662668-9834	385.010266940452	X	X
29491-0-0	0	X	X
295753-665062-0	300	X	X
296331-665394-0	468.750376386069	X	X
296952-674188-0	327.868852459016	X	X
296952-674188-207171	319.148936170213	X	X
296952-674188-255362	333.333333333333	X	X
296952-674188-329361	333.333333333333	X	X
296952-674188-385360	319.148936170213	X	X
296952-674188-413125	333.333333333333	X	X
296952-674188-434125	333.333333333333	X	X
296952-674188-523124	333.333333333333	X	X
296952-674188-556172	319.148936170213	X	X
296952-674188-599576	319.148936170213	X	X
296952-674188-612980	319.148936170213	X	X
296952-674188-629256	666.666666666667	X	X
296952-674188-667256	333.333333333333	X	X
296952-674188-723255	332.409972299169	X	X
296952-674188-768462	331.491712707182	X	X
296952-674188-810892	327.868852459016	X	X
296952-674188-826629	340.909090909091	X	X
29769-0-0	0	X	X
297698-668216-0	306.122448979592	X	X
298770-718956-0	428.571428571429	X	X
299224-671412-0	666.666666666667	X	X
299454-722224-0	342.857142857143	X	X
300312-679826-0	344.827586206897	X	X
300639-674266-0	342.857142857143	X	X
300891-674755-0	240	X	X
301703-676445-0	342.857142857143	X	X
302756-737493-0	200	X	X
303000-679064-0	324.324324324324	X	X
303803-680729-0	400	X	X
306800-686594-0	389.61038961039	X	X
307034-687063-0	312.5	X	X
308813-2028768-0	500	X	X
309132-691196-0	344.43168771527	X	X
309479-691834-0	342.857142857143	X	X
309618-860084-0	324.324595469256	X	X
312402-697371-0	666.666666666667	X	X
312402-697371-247342	666.666666666667	X	X
312402-697371-325019	666.666666666667	X	X
312402-697371-365018	333.333333333333	X	X
312402-697371-66009	333.333333333333	X	X
312814-698291-0	461.538461538462	X	X
313305-699422-0	314.13612565445	X	X
31419-0-0	0	X	X
315854-703997-0	342.857142857143	X	X
317275-740693-0	315.789473684211	X	X
317538-860136-0	379.746835443038	X	X
317840-707982-0	491.803278688525	X	X
319107-710394-0	413.793103448276	X	X
320058-712278-0	326.086956521739	X	X
320118-715074-0	300	X	X
32021-0-0	0	X	X
320467-713094-0	400	X	X
321179-714530-0	342.857142857143	X	X
323289-718620-0	342.857142857143	X	X
323302-718643-0	342.857142857143	X	X
323522-726612-0	267.857142857143	X	X
323627-751420-0	309.278350515464	X	X
324058-727882-0	342.857142857143	X	X
324320-720614-0	428.571428571429	X	X
324587-721158-1180	322.58064516129	X	X
324587-721158-290621	400	X	X
325112-722235-0	521.739130434783	X	X
325158-725061-0	307.692307692308	X	X
325158-725061-56692	333.333333333333	X	X
326268-724529-0	612.244897959184	X	X
326268-724529-95858	612.244897959184	X	X
326608-742829-0	300	X	X
326608-742829-34713	300	X	X
326920-908059-0	314.13612565445	X	X
327557-924446-0	235.367958575239	X	X
327557-924446-91682	235.367958575239	X	X
327810-727426-0	500	X	X
328042-727755-0	342.857142857143	X	X
328095-727854-0	461.538461538462	X	X
328243-728113-1589	342.857142857143	X	X
32936-0-0	0	X	X
329949-731428-0	375	X	X
330066-772606-0	375	X	X
330074-739502-0	333.333333333333	X	X
330175-732756-0	326.086956521739	X	X
330216-731905-0	337.078651685393	X	X
330377-2045001-0	422.535211267606	X	X
33068-0-0	0	X	X
331499-734339-0	342.857142857143	X	X
331732-773094-0	342.857142857143	X	X
332531-736212-0	413.793103448276	X	X
332531-736212-108871	384.615384615385	X	X
332531-736212-28872	384.615384615385	X	X
332531-736212-84256	384.615384615385	X	X
332532-760034-0	545.454545454546	X	X
332907-809354-0	454.545454545455	X	X
333015-737119-0	337.078651685393	X	X
333139-747407-0	342.857142857143	X	X
333319-752525-0	342.857142857143	X	X
334469-744444-0	317.460317460317	X	X
334476-746415-0	428.571428571429	X	X
334991-741611-0	394.736842105263	X	X
33556-0-0	0	X	X
336099-748103-0	300	X	X
336345-744396-0	307.692307692308	X	X
336345-744396-13262	307.692307692308	X	X
336345-744396-133257	307.692307692308	X	X
336345-744396-263721	307.692307692308	X	X
336345-744396-30799	307.692307692308	X	X
336345-744396-50798	307.692307692308	X	X
336345-744396-72952	307.692307692308	X	X
336345-744396-90490	307.692307692308	X	X
336480-744692-0	387.096774193548	X	X
33651-0-0	0	X	X
337250-750157-0	352.941176470588	X	X
337527-746737-0	400	X	X
338205-760646-0	428.571428571429	X	X
338205-760646-182572	444.444444444444	X	X
338205-760646-226127	444.444444444444	X	X
338205-760646-387166	368.098159509202	X	X
33842-0-0	0	X	X
339130-750365-0	342.857142857143	X	X
339400-750846-0	327.868852459016	X	X
340412-788468-0	326.086956521739	X	X
340436-753062-0	342.857142857143	X	X
341524-755135-0	344.827586206897	X	X
341933-762792-0	324.324324324324	X	X
342360-756752-0	447.761194029851	X	X
342360-756752-181506	447.761194029851	X	X
343020-761231-0	310.880829015544	X	X
343258-758466-0	315.789473684211	X	X
34365-0-0	0	X	X
343672-759318-0	300	X	X
346218-1438225-0	315.789473684211	X	X
34634-0-0	0	X	X
346872-765567-0	300	X	X
347023-765880-0	461.538461538462	X	X
347023-765880-149381	461.538461538462	X	X
347023-765880-171534	461.538461538462	X	X
347234-767118-13158	272.727272727273	X	X
347234-767118-2234	272.727272727273	X	X
347234-767118-74237	272.727272727273	X	X
348342-769112-0	413.793103448276	X	X
348342-769112-15686	428.571428571429	X	X
348342-769112-29376	413.793103448276	X	X
348342-769112-42831	416.666666666667	X	X
348342-769112-83664	416.666666666667	X	X
348381-768556-0	300	X	X
350528-772774-0	327.868852459016	X	X
352046-775806-0	300	X	X
352489-778097-0	315.789473684211	X	X
352570-785982-0	333.333333333333	X	X
353374-778568-0	209.79020979021	X	X
353398-821336-12816	202.702702702703	X	X
354019-786540-0	344.827586206897	X	X
354019-786540-26102	344.827586206897	X	X
354537-801054-0	342.857142857143	X	X
355801-783260-157906	530.973451327434	X	X
355801-783260-183392	265.486725663717	X	X
355801-783260-8703	265.486578399681	X	X
356039-783667-0	359.281437125748	X	X
356245-784043-0	352.941176470588	X	X
356752-784974-8477	260.869565217391	X	X
357544-850729-0	447.761194029851	X	X
358119-852138-0	375	X	X
358420-789180-0	300	X	X
359191-794753-0	326.975476839237	X	X
35942-0-0	0	X	X
359501-790428-0	359.281437125748	X	X
359525-790457-0	384.615384615385	X	X
360417-793257-0	428.571428571429	X	X
361428-999862-797	300	X	X
361902-801610-0	346.820809248555	X	X
36198-0-0	0	X	X
362316-804387-1367	387.096774193548	X	X
363873-804055-0	333.333333333333	X	X
363882-821679-0	324.324324324324	X	X
364146-799443-0	342.857142857143	X	X
364146-799443-187549	342.857142857143	X	X
364146-799443-226638	342.857142857143	X	X
364190-862083-0	326.975476839237	X	X
364401-810827-0	315.789473684211	X	X
364556-901417-0	352.941176470588	X	X
364652-827751-0	491.803278688525	X	X
364741-803767-0	566.037735849057	X	X
366647-804727-0	326.086956521739	X	X
366802-810019-0	363.636363636364	X	X
366928-805029-0	545.454545454546	X	X
366928-805029-184290	545.454545454546	X	X
366928-805029-217017	272.727272727273	X	X
366928-805029-289017	545.454545454546	X	X
366928-805029-77381	272.727272727273	X	X
368414-807759-0	333.333333333333	X	X
36858-0-0	0	X	X
369058-816648-0	342.857142857143	X	X
369380-809513-0	416.666666666667	X	X
369674-810023-0	352.941176470588	X	X
370467-1058266-0	272.727272727273	X	X
370776-812471-0	344.827586206897	X	X
37078-0-0	0	X	X
371128-827932-0	344.827586206897	X	X
371315-813588-0	468.75	X	X
372880-816659-0	333.333333333333	X	X
373240-817623-0	344.827586206897	X	X
374144-858483-0	326.086956521739	X	X
374226-819766-0	428.571428571429	X	X
374820-1081149-0	272.727272727273	X	X
374875-821604-0	273.972602739726	X	X
374875-821604-22374	273.972602739726	X	X
374900-835047-0	211.267605633803	X	X
375648-838030-0	342.857142857143	X	X
375994-823840-0	400	X	X
37753-0-0	0	X	X
377907-827283-0	625	X	X
377907-827283-168759	833.333333333333	X	X
377907-827283-195570	882.352941176471	X	X
377907-827283-206158	895.522388059701	X	X
377907-827283-226511	560.747663551402	X	X
377907-827283-44839	560.747663551402	X	X
378060-903801-0	329.67032967033	X	X
380143-831868-0	337.078651685393	X	X
380143-831868-22884	346.820809248555	X	X
380404-940882-0	500	X	X
380404-940882-164121	250	X	X
380404-940882-199401	333.333333333333	X	X
380404-940882-23269	500	X	X
380404-940882-47380	500	X	X
380404-940882-72085	250	X	X
380404-940882-92044	333.333333333333	X	X
380740-849499-0	352.941176470588	X	X
381604-834774-0	375	X	X
381644-958392-0	279.06976744186	X	X
382707-836853-0	342.857142857143	X	X
383094-1095418-137808	300	X	X
383094-1095418-155658	300	X	X
383094-1095418-170208	300	X	X
383094-1095418-186106	300	X	X
383094-1095418-7308	300	X	X
38345-0-0	0	X	X
383857-1079078-0	571.428571428571	X	X
383857-1079078-11018	285.714285714286	X	X
383857-1079078-257875	571.428571428571	X	X
383857-1079078-289875	285.714285714286	X	X
384400-839945-0	342.857142857143	X	X
3847-0-0	0	X	X
384772-854616-0	324.324324324324	X	X
384859-840864-0	535.714285714286	X	X
384859-840864-144678	340.909090909091	X	X
384859-840864-326198	500	X	X
384859-840864-364871	545.454545454546	X	X
384859-840864-394633	600	X	X
384859-840864-470365	1412.92829388909	X	X
384859-840864-57995	535.714285714286	X	X
385248-1053231-0	300	X	X
385363-841775-9403	279.06976744186	X	X
385423-841889-0	342.857142857143	X	X
385427-924503-0	324.324324324324	X	X
385980-842905-0	342.857142857143	X	X
386117-853166-0	338.983050847458	X	X
387441-845595-0	315.789473684211	X	X
387700-847387-0	250	X	X
387795-846283-0	468.75	X	X
388036-846726-0	333.333333333333	X	X
388887-848143-0	352.941176470588	X	X
389343-856430-0	337.078651685393	X	X
39056-0-0	0	X	X
390928-851831-0	400	X	X
391953-903567-0	326.086956521739	X	X
392215-952069-0	342.857142857143	X	X
392958-861021-0	346.820809248555	X	X
393273-894471-0	344.827586206897	X	X
393920-857453-0	209.79020979021	X	X
394270-858798-1806	357.142857142857	X	X
394270-858798-78932	357.142857142857	X	X
394290-858205-0	333.333333333333	X	X
394674-859007-0	342.857142857143	X	X
394742-860793-0	342.857142857143	X	X
394816-859248-0	909.090909090909	X	X
394816-859248-21513	327.868852459016	X	X
39484-0-0	0	X	X
395046-859692-0	545.454545454546	X	X
395149-860022-0	342.857142857143	X	X
395241-860180-0	363.636363636364	X	X
395690-861092-0	468.75	X	X
396516-873389-0	335.195530726257	X	X
396532-862636-0	379.746835443038	X	X
39838-0-0	0	X	X
398466-866384-0	342.857142857143	X	X
398921-884638-0	375	X	X
398921-884638-151312	375	X	X
399056-867630-0	434.782608695652	X	X
399061-871844-0	363.636363636364	X	X
400109-870695-0	382.189948404357	X	X
400109-870695-176571	382.189948404357	X	X
400109-870695-201921	333.333333333333	X	X
400109-870695-220504	382.189948404357	X	X
400109-870695-245346	382.189948404357	X	X
400109-870695-272020	382.189948404357	X	X
400208-870855-0	612.244897959184	X	X
400208-870855-205948	612.244897959184	X	X
400208-870855-95745	612.244897959184	X	X
400652-883912-0	333.333333333333	X	X
40071-0-0	0	X	X
40115-0-0	0	X	X
401352-1150541-0	314.13612565445	X	X
402173-874717-0	400	X	X
402173-874717-13188	400	X	X
402173-874717-53158	400	X	X
402187-874746-0	333.333333333333	X	X
403282-967559-0	416.666666666667	X	X
403427-887095-0	324.324324324324	X	X
40368-0-0	0	X	X
403897-880023-0	335.195530726257	X	X
404417-879323-0	337.078651685393	X	X
404649-879785-0	340.909090909091	X	X
404709-879929-0	333.333333333333	X	X
404781-880091-0	300	X	X
404781-880091-294932	394.736842105263	X	X
405167-897869-0	214.285714285714	X	X
405167-897869-28923	214.285714285714	X	X
405167-897869-71564	214.285714285714	X	X
405167-897869-92135	214.285714285714	X	X
40521-128529-0	324.324324324324	X	X
405516-926749-0	468.75	X	X
406299-994346-0	441.176470588235	X	X
406299-994346-133120	441.176470588235	X	X
406299-994346-39598	441.176470588235	X	X
406299-994346-85450	441.176470588235	X	X
406797-883944-0	333.333333333333	X	X
409681-889228-0	631.578947368421	X	X
409681-889228-163162	631.578947368421	X	X
409681-889228-173266	315.789473684211	X	X
409898-892543-0	324.324324324324	X	X
409916-889661-0	340.937142857142	X	X
409934-969903-0	400	X	X
410476-890825-0	344.827586206897	X	X
411811-893494-0	309.278350515464	X	X
411811-893494-156185	309.278350515464	X	X
411880-897534-0	428.571428571429	X	X
411894-899534-0	264.31718061674	X	X
411918-946988-222	444.444444444444	X	X
412280-894425-0	544.711756695415	X	X
412280-894425-161842	544.711756695415	X	X
413251-1270471-0	263.1579	X	X
413510-896703-0	500	X	X
413592-915097-0	254.237288135593	X	X
413909-931858-0	337.078651685393	X	X
414348-926832-0	342.857142857143	X	X
414940-910009-0	346.820809248555	X	X
414984-899381-0	342.857142857143	X	X
415910-905047-0	291.26213592233	X	X
416664-902523-0	631.578947368421	X	X
41686-0-0	0	X	X
416865-902904-0	214.285714285714	X	X
417541-928916-0	297.029702970297	X	X
417610-930366-0	250	X	X
41823-0-0	0	X	X
418837-906445-0	301.507537688442	X	X
418922-907479-0	365.853658536585	X	X
419073-906940-0	480	X	X
419257-1518441-0	600	X	X
419257-1518441-20707	315.789473684211	X	X
419409-922069-0	625	X	X
419409-922069-11470	312.5	X	X
419765-909764-239704	326.086956521739	X	X
419765-909764-6182	324.324324324324	X	X
419985-908757-0	326.086956521739	X	X
420677-918997-0	297.029702970297	X	X
421022-910730-0	344.827586206897	X	X
42110-0-0	0	X	X
42129-0-0	0	X	X
421936-919511-0	320.855614973262	X	X
423527-918723-0	329.67032967033	X	X
423527-918723-105880	329.67032967033	X	X
423527-918723-157308	326.086956521739	X	X
423527-918723-182090	322.58064516129	X	X
423527-918723-57873	326.086956521739	X	X
423527-918723-82655	322.58064516129	X	X
425091-918104-0	379.746835443038	X	X
425219-935997-0	625	X	X
426643-921170-0	312.597686777118	X	X
426945-1015824-0	333.333333333333	X	X
427121-922080-0	245.901639344262	X	X
427688-923244-0	333.333333333333	X	X
427688-923244-227166	333.333333333333	X	X
42837-0-0	0	X	X
428432-924668-0	320.855614973262	X	X
429882-964270-0	324.324324324324	X	X
430339-929453-0	288.461538461538	X	X
430622-931964-0	300	X	X
431010-1024742-0	387.096774193548	X	X
431010-1024742-200053	387.096774193548	X	X
431010-1024742-212397	387.096774193548	X	X
431708-995839-0	319.148936170213	X	X
431708-995839-59781	319.148936170213	X	X
431983-1057385-0	315.789473684211	X	X
432153-933425-0	468.75	X	X
433761-938722-0	320.855614973262	X	X
43402-0-0	0	X	X
434058-935438-0	428.571428571429	X	X
43446-0-0	0	X	X
43466-0-0	0	X	X
43533-0-0	0	X	X
436773-1050200-0	267.857142857143	X	X
436799-985004-0	327.868852459016	X	X
437055-954995-0	315.789473684211	X	X
437097-968350-0	422.535211267606	X	X
437544-943270-0	344.827586206897	X	X
439225-964625-0	428.577551107873	X	X
439731-1005949-2652	521.739130434783	X	X
440068-997926-0	333.333333333333	X	X
440419-947592-0	444.444444444444	X	X
440419-947592-39748	444.444444444444	X	X
440419-947592-55747	222.222222222222	X	X
440419-947592-78858	444.444444444444	X	X
440423-950170-0	495.867768595041	X	X
440423-950170-219088	405.405405405405	X	X
440423-950170-243412	397.350993377483	X	X
440423-950170-33128	397.350993377483	X	X
440650-1573659-0	285.714285714286	X	X
440706-972457-0	322.58064516129	X	X
440868-949093-0	342.857142857143	X	X
440925-964622-0	340.909090909091	X	X
441155-949888-0	342.857142857143	X	X
441271-949233-0	326.975476839237	X	X
442276-954210-0	338.983050847458	X	X
442276-954210-11810	338.983050847458	X	X
442276-954210-44352	338.983050847458	X	X
442276-954210-63673	338.983050847458	X	X
44300-0-0	0	X	X
444242-954363-0	666.518551433015	X	X
444242-954363-35481	230.769230769231	X	X
44485-0-0	0	X	X
445646-974225-0	400	X	X
446774-959408-0	333.333333333333	X	X
447383-960528-0	500	X	X
448090-961776-0	375	X	X
448439-962443-0	372.670807453416	X	X
448818-1002613-0	714.285714285714	X	X
448818-1002613-144406	461.538461538462	X	X
448818-1002613-177636	230.769230769231	X	X
448818-1002613-207174	461.538461538462	X	X
448818-1002613-223789	230.769230769231	X	X
448818-1002613-44714	230.769230769231	X	X
448919-1124841-214362	314.13612565445	X	X
448919-1124841-46703	628.272251308901	X	X
448919-1124841-68667	314.13612565445	X	X
450015-965548-0	292.682926829268	X	X
45028-0-0	0	X	X
450406-966335-0	530.973451327434	X	X
450406-966335-26837	419.58041958042	X	X
451250-974142-0	384.615384615385	X	X
451560-968632-10037	348.837209302326	X	X
451560-968632-56781	348.837209302326	X	X
452225-974285-0	415.075543748962	X	X
452965-971528-0	342.857142857143	X	X
453230-980668-0	324.324324324324	X	X
453467-1040061-0	315.789473684211	X	X
454322-975379-0	375	X	X
454893-1012368-0	320	X	X
455069-981047-9953	500	X	X
455109-994043-0	285.714285714286	X	X
455273-976696-0	333.333333333333	X	X
455786-976908-0	416.666666666667	X	X
456524-991043-0	315.789473684211	X	X
456524-991043-133265	315.789473684211	X	X
456524-991043-202737	315.789473684211	X	X
456524-991043-217897	315.789473684211	X	X
456771-978778-0	662.983425414365	X	X
456771-978778-10765	331.491712707182	X	X
456986-979231-0	324.324324324324	X	X
456996-979169-0	372.670807453416	X	X
457086-980603-0	329.67032967033	X	X
457184-1014670-6758	324.324324324324	X	X
458456-1020895-0	652.173913043478	X	X
458829-983068-0	267.857142857143	X	X
458983-1043170-0	340.909090909091	X	X
459086-986533-0	413.793103448276	X	X
459535-984449-0	320.855614973262	X	X
461226-987850-0	447.761194029851	X	X
46218-0-0	0	X	X
46239-0-0	0	X	X
462768-991051-0	315.789473684211	X	X
463361-994907-0	329.67032967033	X	X
463479-992437-0	335.195530726257	X	X
463701-1046294-0	375	X	X
464398-994370-0	800.106680890785	X	X
464398-994370-135039	327.868852459016	X	X
464398-994370-207169	319.148936170213	X	X
464398-994370-255360	333.333333333333	X	X
464398-994370-329359	333.333333333333	X	X
464398-994370-366525	333.333333333333	X	X
464398-994370-385358	319.148936170213	X	X
464398-994370-413130	333.333333333333	X	X
464398-994370-442129	333.333333333333	X	X
464398-994370-523128	333.333333333333	X	X
464398-994370-556177	319.148936170213	X	X
464398-994370-599581	319.148936170213	X	X
464398-994370-610749	319.148936170213	X	X
464398-994370-635258	666.666666666667	X	X
464398-994370-667258	333.333333333333	X	X
464398-994370-699258	333.148250971682	X	X
464398-994370-723244	332.594235033259	X	X
464398-994370-744530	332.409972299169	X	X
464398-994370-768463	331.638293168251	X	X
464398-994370-810912	327.689787001638	X	X
465300-996108-0	306.90537084399	X	X
465300-996108-10161	306.122448979592	X	X
465300-996108-93440	306.90537084399	X	X
46623-0-0	0	X	X
466765-998827-0	375	X	X
467222-999724-0	384.615384615385	X	X
4674-0-0	0	X	X
468042-1023345-0	363.636363636364	X	X
468042-1023345-69968	484.848484848485	X	X
468042-1023345-90331	363.636363636364	X	X
468184-1001463-0	444.444444444444	X	X
468402-1001891-0	303.030303030303	X	X
468402-1001891-169639	303.030303030303	X	X
468404-1001894-0	342.857142857143	X	X
46848-204672-0	428.571428571429	X	X
468917-1002831-0	387.096774193548	X	X
469434-1105879-0	454.545454545455	X	X
469679-1084306-170640	390.625	X	X
469679-1084306-183140	389.61038961039	X	X
469679-1084306-2329	389.61038961039	X	X
470976-1006820-0	315.789473684211	X	X
471255-1007344-103562	363.636363636364	X	X
471255-1007344-140653	363.636363636364	X	X
471255-1007344-163925	727.272727272727	X	X
471255-1007344-259925	363.636363636364	X	X
471255-1007344-273743	363.636363636364	X	X
471255-1007344-68653	363.636363636364	X	X
471255-1007344-8290	363.636363636364	X	X
471255-1007344-91925	727.272727272727	X	X
472735-1010053-0	365.853658536585	X	X
472735-1010053-177930	368.098159509202	X	X
472735-1010053-192593	359.281437125748	X	X
472735-1010053-204089	352.941176470588	X	X
472735-1010053-28243	352.941176470588	X	X
472735-1010053-72346	352.941176470588	X	X
472735-1010053-97416	352.941176470588	X	X
473245-1011203-0	188.679245283019	X	X
473449-1011670-0	375	X	X
473449-1011670-61533	352.941176470588	X	X
473449-1011670-84121	342.857142857143	X	X
473509-1011770-0	206.896551724138	X	X
473735-1012160-0	444.444444444444	X	X
473735-1012160-180564	444.444444444444	X	X
473862-1012384-0	363.636363636364	X	X
474420-1013404-0	389.61038961039	X	X
474731-1015606-0	363.636363636364	X	X
475074-1030012-0	265.486725663717	X	X
475074-1030012-77146	379.746835443038	X	X
475629-1056698-0	254.237288135593	X	X
475629-1056698-20508	254.237288135593	X	X
475629-1056698-66269	254.237288135593	X	X
475629-1056698-79997	254.237288135593	X	X
475629-1056698-98302	254.237288135593	X	X
476691-1053243-0	600	X	X
478405-1083055-0	267.857142857143	X	X
478405-1083055-10358	267.857142857143	X	X
478558-1035825-0	352.941176470588	X	X
479033-1022959-0	295.566502463054	X	X
479222-1023375-0	500	X	X
480273-1025348-0	540.540540540541	X	X
480273-1025348-25588	348.837209302326	X	X
481451-1035927-0	342.857142857143	X	X
481920-1030242-0	444.444444444444	X	X
482214-1028970-0	444.444444444444	X	X
482314-1029179-0	377.353447408153	X	X
483783-1032116-0	342.857142857143	X	X
483844-1297649-1068	363.636363636364	X	X
484689-1033882-111692	344.827586206897	X	X
484689-1033882-1348.34261883225	344.827586206897	X	X
484689-1033882-23416	344.827586206897	X	X
484689-1033882-55141	344.827586206897	X	X
484689-1033882-74451	344.827586206897	X	X
485056-1053519-0	337.078651685393	X	X
486003-1036379-0	400	X	X
486003-1036379-193450	400	X	X
486003-1036379-274250	400	X	X
486003-1036379-364650	400	X	X
486003-1036379-84650	400	X	X
486142-1038400-0	375	X	X
486454-1652104-0	600	X	X
486454-1652104-34852	344.827586206897	X	X
486535-1134549-0	468.75	X	X
486535-1134549-125679	468.75	X	X
486535-1134549-155691	468.75	X	X
486535-1134549-16929	468.75	X	X
486535-1134549-61929	468.75	X	X
486687-1037723-2627	394.736842105263	X	X
486901-1038168-0	342.857142857143	X	X
486916-1038187-0	312.5	X	X
487774-1059292-0	288.461538461538	X	X
487907-1256881-0	342.857142857143	X	X
487907-1256881-123879	342.857142857143	X	X
487968-1056732-0	428.571428571429	X	X
488238-1041874-0	428.571428571429	X	X
488238-1041874-141055	428.571428571429	X	X
48987-0-0	0	X	X
489924-1044406-0	315.789473684211	X	X
490662-1045757-0	352.941176470588	X	X
490956-1060683-0	333.333333333333	X	X
491057-1046537-0	352.941176470588	X	X
491650-1074492-0	333.333333333333	X	X
491668-1047655-0	245.901639344262	X	X
492845-1153826-0	335.195530726257	X	X
492845-1153826-81644	335.195530726257	X	X
492925-1049999-0	288.461538461538	X	X
493119-1050335-0	300	X	X
49459-192181-0	394.736842105263	X	X
49459-192181-75014	394.736842105263	X	X
494606-1077454-0	324.324324324324	X	X
494606-1077454-200174	324.324324324324	X	X
494606-1077454-210570	324.324324324324	X	X
494606-1077454-36715	324.324324324324	X	X
494655-1055027-0	571.428571428571	X	X
494655-1055027-24329	333.333333333333	X	X
494655-1055027-297171	441.176470588235	X	X
494655-1055027-312033	1875	X	X
494655-1055027-36344	333.333333333333	X	X
495111-1080814-0	363.636363636364	X	X
495283-1067782-0	387.096774193548	X	X
495800-1055374-0	428.571428571429	X	X
496176-1056709-0	322.58064516129	X	X
497559-1066629-0	333.333333333333	X	X
497676-1059228-0	337.078651685393	X	X
497769-1059390-0	331.5649867374	X	X
498288-1060959-0	937.5	X	X
49843-0-0	0	X	X
498738-1061655-0	387.096774193548	X	X
498925-1062012-0	394.494734970699	X	X
49945-0-0	0	X	X
500079-1083132-0	400	X	X
500133-1069835-0	300	X	X
500458-1065163-0	267.857142857143	X	X
50060-162765-0	344.827586206897	X	X
501804-1093148-0	800	X	X
501804-1093148-48699	800	X	X
501920-1071210-0	545.454545454546	X	X
501992-1073711-0	331.5649867374	X	X
50258-0-0	0	X	X
502851-1113462-0	468.75	X	X
503461-1071209-0	300	X	X
503493-1075194-0	800	X	X
503553-1074082-0	681.818181818182	X	X
504005-1355778-0	361.44578313253	X	X
504171-1079573-0	344.827586206897	X	X
50479-155632-0	254.237288135593	X	X
504958-1074427-0	344.827586206897	X	X
504958-1074427-11506	344.827586206897	X	X
505401-1075139-0	387.096774193548	X	X
505751-1075888-0	222.222222222222	X	X
505751-1075888-290775	222.222222222222	X	X
506140-1115362-0	344.827586206897	X	X
506155-1082882-172661	285.714285714286	X	X
506155-1082882-192090	285.714285714286	X	X
506155-1082882-210947	285.714285714286	X	X
506155-1082882-3518	285.714285714286	X	X
506155-1082882-97232	285.714285714286	X	X
50626-0-0	0	X	X
50643-0-0	0	X	X
506863-1078110-0	461.538461538462	X	X
506908-1078194-0	333.333333333333	X	X
506976-1078432-0	461.538461538462	X	X
507943-1080362-0	342.857142857143	X	X
508222-1082444-0	322.58064516129	X	X
508320-1081116-0	342.857142857143	X	X
508320-1081116-11672	342.857142857143	X	X
508680-1081834-0	597.014925373134	X	X
508680-1081834-21690	298.507462686567	X	X
508947-1207717-0	333.333333333333	X	X
508947-1207717-132035	333.333333333333	X	X
508947-1207717-164034	333.333333333333	X	X
508947-1207717-94702	333.333333333333	X	X
509341-1146122-0	400	X	X
50988-0-0	0	X	X
510300-1087040-0	405.405405405405	X	X
510723-1085829-0	468.75	X	X
510859-1086050-36380	314.13612565445	X	X
510871-1086071-0	365.853658536585	X	X
510871-1086071-23761	365.853658536585	X	X
510871-1086071-286158	365.853658536585	X	X
510871-1086071-36768	365.853658536585	X	X
510931-1086190-0	317.460317460317	X	X
512168-1088531-0	230.769230769231	X	X
51245-0-0	0	X	X
512659-1089647-0	375	X	X
512810-1116219-0	600	X	X
513274-1090652-0	402.684563758389	X	X
513293-1090698-134304	437.956204379562	X	X
513293-1090698-51158	437.956204379562	X	X
513574-1091228-0	400	X	X
514181-1092367-0	298.507462686567	X	X
514550-1101627-0	468.75	X	X
514772-1098329-0	329.67032967033	X	X
514980-1125982-0	375	X	X
516013-1102734-0	375	X	X
516013-1102734-119883	326.086956521739	X	X
516013-1102734-163017	315.789473684211	X	X
516013-1102734-203731	307.692307692308	X	X
516013-1102734-244823	320.855614973262	X	X
516013-1102734-285311	326.086956521739	X	X
516013-1102734-333023	327.868852459016	X	X
516013-1102734-367435	333.333333333333	X	X
516013-1102734-38405	352.941176470588	X	X
516013-1102734-417050	342.857142857143	X	X
516013-1102734-462323	348.837209302326	X	X
516013-1102734-504849	352.941176470588	X	X
516013-1102734-538826	357.142857142857	X	X
516013-1102734-75225	337.078651685393	X	X
51605-158107-0	413.793103448276	X	X
516117-1095870-0	344.827586206897	X	X
516270-1132570-0	315.789473684211	X	X
516454-1132800-0	353.045013239188	X	X
516494-1097543-0	342.857142857143	X	X
517402-1099369-0	337.078651685393	X	X
517598-1103520-0	342.857142857143	X	X
51765-195667-0	300	X	X
51765-195667-64304	300	X	X
517706-1124586-0	315.789473684211	X	X
517783-1110572-0	300	X	X
517817-1104300-0	340.909090909091	X	X
518029-1100580-0	331.491712707182	X	X
518359-1135110-0	320.855614973262	X	X
518359-1135110-185965	378.888888888889	X	X
518932-1109569-0	322.58064516129	X	X
519154-1246405-0	416.666666666667	X	X
519154-1246405-95068	416.666666666667	X	X
519335-1344425-0	472.44094488189	X	X
519990-1270687-0	382.165605095541	X	X
520141-1164385-0	545.454545454546	X	X
520363-1105515-0	342.857142857143	X	X
520363-1105515-44207	342.857142857143	X	X
520363-1105515-66246	342.857142857143	X	X
522857-1113616-0	600	X	X
522857-1113616-326773	731.707317073171	X	X
522872-1110320-0	468.75	X	X
522872-1110320-118337	272.727272727273	X	X
522872-1110320-142882	545.454545454546	X	X
524903-1114006-0	400	X	X
524903-1114006-223970	400	X	X
524973-1114142-0	222.222222222222	X	X
525070-1636244-0	428.571428571429	X	X
526789-1117797-0	342.857142857143	X	X
526789-1117797-38730	342.857142857143	X	X
526789-1117797-49715	342.857142857143	X	X
528048-1121248-0	324.324324324324	X	X
528089-1120184-0	375	X	X
528089-1120184-127520	375	X	X
528089-1120184-139895	375	X	X
528285-1120526-0	1000	X	X
528285-1120526-70110	1016.94915254237	X	X
528548-1123974-0	342.857142857143	X	X
528754-1122548-0	346.820809248555	X	X
528821-1129261-0	422.535211267606	X	X
528821-1129261-242390	545.454545454546	X	X
528821-1129261-270270	422.535211267606	X	X
528824-1121510-0	444.444444444444	X	X
529638-1122992-0	346.820809248555	X	X
529724-1123162-0	315.789473684211	X	X
529729-1239555-0	310.880829015544	X	X
529749-1149423-0	342.857142857143	X	X
529749-1149423-155063	4000	X	X
529749-1149423-166034	342.857142857143	X	X
529749-1149423-310034	1200	X	X
529749-1149423-45349	342.857142857143	X	X
530058-1123741-0	428.571428571429	X	X
531553-1126445-0	314.13612565445	X	X
531553-1126445-302692	314.13612565445	X	X
532165-1130447-0	326.086956521739	X	X
532220-1321091-0	382.165605095541	X	X
532417-1128185-0	487.80487804878	X	X
53288-0-0	0	X	X
53292-0-0	0	X	X
532920-1191500-0	319.148936170213	X	X
533158-1129535-0	539.811066126856	X	X
533158-1129535-25696	348.837209302326	X	X
533158-1129535-377797	652.173913043478	X	X
53363-162994-0	425.985090521832	X	X
53429-0-0	0	X	X
535186-1133609-0	666.666666666667	X	X
535277-1170869-0	230.769230769231	X	X
536670-1137367-0	342.857142857143	X	X
537480-1138945-0	342.857142857143	X	X
537814-1152929-0	322.58064516129	X	X
538998-1298488-0	379.746835443038	X	X
53929-0-0	0	X	X
541289-1148549-0	434.782608695652	X	X
541289-1148549-301652	1875	X	X
541568-1148292-0	314.13612565445	X	X
542224-1149570-15921	333.333333333333	X	X
542224-1149570-29586	333.333333333333	X	X
542868-1269801-0	338.983050847458	X	X
544164-1153195-0	483.870967741935	X	X
5445-0-0	0	X	X
544899-1296716-0	422.535211267606	X	X
545006-1154797-0	324.324324324324	X	X
545404-1166050-0	300	X	X
545820-1598588-0	468.75	X	X
546068-1156738-0	363.636363636364	X	X
546102-2583504-0	333.333333333333	X	X
546858-1158286-0	267.857142857143	X	X
547237-1159219-0	333.333333333333	X	X
547237-1159219-101077	359.281437125748	X	X
547504-1262219-0	322.58064516129	X	X
547772-1160133-0	923.076923076923	X	X
547883-1160360-1851	300	X	X
547883-1464433-0	300	X	X
549745-1215127-0	322.58064516129	X	X
550414-1306747-0	235.367958575239	X	X
550414-1306747-91682	235.367958575239	X	X
5506-0-0	0	X	X
550741-1166723-0	408.163265306122	X	X
551125-1176571-0	379.746835443038	X	X
551397-1632690-0	468.75	X	X
551831-1168783-0	348.837209302326	X	X
552854-1181521-8155	400	X	X
552966-1170939-0	363.636363636364	X	X
55354-0-0	0	X	X
554041-1173022-0	407.000407000407	X	X
554068-1779636-1050	394.736842105263	X	X
554068-1779636-297911	300	X	X
554068-1779636-88767	394.736842105263	X	X
554636-1174143-0	344.827586206897	X	X
554681-1174221-0	382.165605095541	X	X
555132-1255391-0	333.333333333333	X	X
555749-1506561-0	333.333333333333	X	X
555749-1506561-279166	333.333333333333	X	X
556206-1177137-0	333.333333333333	X	X
556206-1177137-308671	333.333333333333	X	X
556360-1177489-0	307.692307692308	X	X
556434-1177612-0	285.714285714286	X	X
556473-1177694-0	300	X	X
556953-1178607-0	357.142857142857	X	X
557579-1179747-0	454.545454545455	X	X
557974-1181111-0	468.75	X	X
557974-1181111-138751	468.75	X	X
557974-1181111-273751	468.75	X	X
557974-1181111-303752	468.75	X	X
558387-1182780-0	428.571428571429	X	X
558694-1187250-0	266.075388026608	X	X
559248-1195035-6227	300	X	X
559776-1183803-0	468.75	X	X
56017-169639-0	312.5	X	X
560573-1185398-0	512.820512820513	X	X
560573-1185398-190741	512.820512820513	X	X
561693-1215777-0	600	X	X
564354-1193128-0	312.5	X	X
565004-1872246-10766	319.148936170213	X	X
565072-1194389-0	428.571428571429	X	X
565136-1194500-0	600	X	X
566856-1200705-0	476.190476190476	X	X
567228-1359862-0	333.333333333333	X	X
569335-1210137-0	365.853658536585	X	X
570679-1211730-0	250	X	X
571024-2322224-0	461.538461538462	X	X
573460-1214817-0	272.727272727273	X	X
57370-0-0	0	X	X
573894-1269592-0	342.857142857143	X	X
574437-1300243-0	250	X	X
575373-1218408-0	454.545454545455	X	X
578146-1223751-0	476.190476190476	X	X
578231-1223916-0	329.67032967033	X	X
578231-1223916-40025	329.67032967033	X	X
578231-1223916-51893	329.67032967033	X	X
578231-1223916-75629	329.67032967033	X	X
57901-0-0	0	X	X
57909-0-0	0	X	X
579130-1675744-13008	245.901639344262	X	X
579692-1227418-0	230.769230769231	X	X
580214-1228509-0	342.857142857143	X	X
580214-1228509-161210	342.856425253742	X	X
580215-1290618-0	319.148936170213	X	X
580215-1290618-115114	319.148936170213	X	X
580215-1290618-164582	500	X	X
580215-1290618-50558	500	X	X
581584-1587973-0	461.538461538462	X	X
581816-1231420-0	333.333333333333	X	X
581816-1231420-105464	333.333333333333	X	X
581816-1231420-148464	333.333333333333	X	X
581816-1231420-205464	333.333333333333	X	X
581816-1231420-22798	333.333333333333	X	X
581816-1231420-269463	333.333333333333	X	X
581816-1231420-283877	333.333333333333	X	X
581816-1231420-70798	333.333333333333	X	X
582785-1233352-1251	342.857142857143	X	X
583227-1234260-0	333.333333333333	X	X
58387-454641-0	363.636363636364	X	X
58387-454641-62156	363.636363636364	X	X
58736-0-0	0	X	X
587616-1734126-8447	324.324324324324	X	X
589359-1247516-0	250	X	X
58951-243850-0	300	X	X
58951-243850-123562	300	X	X
58951-243850-137962	300	X	X
589878-1248546-0	285.714285714286	X	X
590709-1253378-0	361.44578313253	X	X
590709-1253378-69494	361.44578313253	X	X
591277-1251386-0	400	X	X
591589-1135070-152730	259.74025974026	X	X
591589-1135070-196373	259.74025974026	X	X
591589-1135070-29613	259.74025974026	X	X
591589-1135070-49352	259.74025974026	X	X
591589-1135070-70132	259.74025974026	X	X
591589-1135070-98185	259.74025974026	X	X
591635-1275371-0	428.571428571429	X	X
591987-1252651-0	422.535211267606	X	X
592259-1253183-0	352.941176470588	X	X
592259-1253183-184380	352.941176470588	X	X
592259-1253183-197058	352.941176470588	X	X
592381-1601880-0	312.5	X	X
59286-183357-0	312.5	X	X
59286-183357-275344	312.5	X	X
594067-1277965-0	337.078651685393	X	X
596704-1263997-0	363.636363636364	X	X
596829-1261907-0	512.820512820513	X	X
596973-1262158-131747	260.869565217391	X	X
596973-1262158-7313	260.869565217391	X	X
59997-0-0	0	X	X
600297-1268833-736	223.880597014925	X	X
600702-1269345-0	422.535211267606	X	X
60136-181510-12876	333.333333333333	X	X
601865-1271343-0	400	X	X
601865-1271343-309413	400	X	X
602861-1405927-0	363.636363636364	X	X
602903-1276080-0	400	X	X
602903-1276080-222009	400	X	X
603051-1287386-0	320.855614973262	X	X
603051-1287386-269774	631.578947368421	X	X
603694-1274975-0	400	X	X
604847-1315519-0	223.880597014925	X	X
605271-1356101-0	612.244897959184	X	X
605271-1356101-28440	612.244897959184	X	X
605271-1356101-426017	1442.30769230769	X	X
605271-1356101-43125	612.244897959184	X	X
605290-1352167-0	344.827586206897	X	X
605523-1279343-0	232.558139534884	X	X
60588-181647-0	342.857142857143	X	X
606419-1283710-10128	294.117647058824	X	X
606419-1283710-26011	294.117647058824	X	X
609043-1397047-0	352.941176470588	X	X
609189-1290043-0	272.727272727273	X	X
609189-1290043-159140	250	X	X
609189-1290043-82967	260.869565217391	X	X
609311-1303586-0	291.26213592233	X	X
611095-1295717-0	342.857142857143	X	X
611224-1325315-0	375	X	X
611582-1290989-0	495.830888611591	X	X
61207-182613-0	480	X	X
613467-1294305-0	650.971031789085	X	X
614045-1297591-0	540.540540540541	X	X
61525-199449-0	487.80487804878	X	X
61525-199449-141262	750	X	X
61525-199449-18809	487.80487804878	X	X
61525-199449-50180	487.80487804878	X	X
61525-199449-87075	375	X	X
616482-1400375-0	315.789473684211	X	X
616707-1300531-0	337.078651685393	X	X
617301-1301658-0	681.818181818182	X	X
617301-1301658-270056	681.818181818182	X	X
617796-1302535-0	419.58041958042	X	X
618632-1304383-0	865.388775907576	X	X
618953-1304748-0	342.857142857143	X	X
620411-1307591-0	206.896551724138	X	X
620634-1308338-0	722.89156626506	X	X
620634-1308338-26755	722.89156626506	X	X
620634-1308338-50178	722.89156626506	X	X
620634-1308338-96735	722.89156626506	X	X
620910-1315311-0	324.324324324324	X	X
621108-1309626-0	209.79020979021	X	X
622109-1311564-0	348.837209302326	X	X
622146-1378086-0	419.58041958042	X	X
62440-185596-1732	408.163265306122	X	X
62440-185596-68671	408.163265306122	X	X
624754-1316740-9807	483.870967741935	X	X
6252-0-0	0	X	X
625302-1323227-0	250	X	X
625881-1319335-1637	352.941176470588	X	X
625881-1319335-18578	352.941176470588	X	X
625881-1319335-205256	473.634354278497	X	X
625881-1319335-227992	315.789473684211	X	X
625881-1319335-328345	545.454545454546	X	X
625881-1319335-38520	315.789473684211	X	X
626406-1359903-0	342.857142857143	X	X
626569-1320546-0	468.75	X	X
627085-1364125-0	422.535211267606	X	X
627343-1321979-0	468.75	X	X
627928-1324947-0	234.334723719361	X	X
627928-1324947-128424	234.584914803814	X	X
627928-1324947-167820	234.375	X	X
628968-1332737-0	324.324324324324	X	X
630223-1330488-0	458.015267175573	X	X
630407-1437118-0	306.122448979592	X	X
634231-1346600-0	389.61038961039	X	X
63434-208935-0	387.096774193548	X	X
63434-208935-149898	387.096774193548	X	X
63434-208935-76351	387.096774193548	X	X
63434-208935-99576	387.096774193548	X	X
636006-1456575-0	468.75	X	X
636105-1387939-0	461.538461538462	X	X
641441-1360148-16960	444.444444444444	X	X
641441-1360148-276011	1200	X	X
641441-1360148-295225	1200	X	X
641441-1360148-61388	444.444444444444	X	X
641718-1385091-0	447.761194029851	X	X
641718-1385091-154519	447.761194029851	X	X
641718-1385091-190332	447.761194029851	X	X
641718-1385091-215400	448.933782267116	X	X
641718-1385091-235131	447.761194029851	X	X
641718-1385091-270967	447.761194029851	X	X
641718-1385091-68555	447.761194029851	X	X
643513-1364063-0	375	X	X
644968-1366775-0	631.578947368421	X	X
644968-1366775-21861	315.789473684211	X	X
646107-1369979-0	631.578947368421	X	X
646107-1369979-110416	600	X	X
646368-1385056-0	220.588235294118	X	X
646714-1377265-0	594.059405940594	X	X
647571-1371893-0	434.782608695652	X	X
6509-0-0	0	X	X
651755-1382659-0	384.615384615385	X	X
651869-1406945-0	273.972602739726	X	X
651869-1406945-21892	273.972602739726	X	X
651869-1406945-73124	273.972602739726	X	X
652069-1382700-0	352.941176470588	X	X
653534-1464026-0	545.454545454546	X	X
653534-1464026-17884	545.454545454546	X	X
653835-1385944-0	461.538461538462	X	X
654452-1388891-0	454.545454545455	X	X
65491-709261-0	428.571428571429	X	X
65491-709261-23666	315.789473684211	X	X
655770-1389608-0	319.148936170213	X	X
655996-1390019-0	187.5	X	X
655996-1390019-153000	166.666666666667	X	X
655996-1390019-219666	251.046025104603	X	X
656098-1396695-0	340.909090909091	X	X
65747-205711-0	307.692307692308	X	X
658008-1396330-0	270.27027027027	X	X
658008-1396330-71826	540.540540540541	X	X
659093-1396072-0	342.857142857143	X	X
660109-1416272-0	342.857142857143	X	X
660672-1398881-0	292.682926829268	X	X
661844-1401842-0	428.571428571429	X	X
661919-1414507-0	340.909090909091	X	X
662675-1408544-0	277.777777777778	X	X
662675-1408544-116473	277.777777777778	X	X
662675-1408544-184806	277.777777777778	X	X
662675-1408544-212306	277.777777777778	X	X
662675-1408544-263972	277.777777777778	X	X
662675-1408544-95640	277.777777777778	X	X
664099-1413791-185047	416.666666666667	X	X
664099-1413791-5047	416.666666666667	X	X
664522-1406451-0	348.837209302326	X	X
664636-1406645-0	370.37037037037	X	X
664758-1406861-0	827.586206896552	X	X
664758-1406861-215320	413.793103448276	X	X
664758-1406861-271657	857.142857142857	X	X
665175-1407811-0	337.078651685393	X	X
666776-1411083-0	238.095238095238	X	X
666776-1411083-32020	238.095238095238	X	X
667097-1427204-0	300	X	X
667097-1427204-31916	300	X	X
667290-1411984-0	333.333333333333	X	X
667433-1412248-147539	342.857142857143	X	X
667433-1412248-166739	342.857142857143	X	X
667433-1412248-35768	342.857142857143	X	X
667433-1412248-91311	342.857142857143	X	X
668693-1414600-0	428.571428571429	X	X
668693-1414600-208543	643.43163538874	X	X
668693-1414600-250570	428.571428571429	X	X
668693-1414600-312271	428.571428571429	X	X
668693-1414600-368845	428.571428571429	X	X
668693-1414600-398008	428.571428571429	X	X
668693-1414600-451134	428.571428571429	X	X
668693-1414600-485417	428.571428571429	X	X
668693-1414600-558838	428.571428571429	X	X
668693-1414600-635533	428.571428571429	X	X
668693-1414600-649223	428.571428571429	X	X
668693-1414600-669820	428.571428571429	X	X
668693-1414600-69487	428.571428571429	X	X
668693-1414600-784687	428.571428571429	X	X
6687-0-0	0	X	X
668799-1414762-5443	352.941176470588	X	X
670800-1543364-0	331.491712707182	X	X
67105-891250-0	342.857142857143	X	X
67276-195633-0	315.789473684211	X	X
672960-1423969-0	750	X	X
672960-1423969-14867	466.417910447761	X	X
673138-1463669-0	451.127819548872	X	X
673138-1463669-63400	437.956204379562	X	X
673365-1425096-0	392.156862745098	X	X
675461-1428899-0	298.507462686567	X	X
677029-1448635-0	428.571428571429	X	X
677687-1438652-0	375	X	X
677898-1433516-0	375	X	X
679272-1436329-0	333.333333333333	X	X
679272-1436329-102765	333.333333333333	X	X
679272-1436329-147098	333.333333333333	X	X
679272-1436329-205431	333.333333333333	X	X
679272-1436329-22768	333.333333333333	X	X
679272-1436329-70766	333.333333333333	X	X
68004-197117-0	375	X	X
682141-1442495-0	428.693912546442	X	X
682290-1442773-0	413.793103448276	X	X
68259-197682-0	277.777777777778	X	X
68259-197682-107250	277.777777777778	X	X
683123-1444708-0	392.156862745098	X	X
685864-1453868-0	346.820809248555	X	X
686264-1662302-0	517.241379310345	X	X
686264-1662302-17749	517.241379310345	X	X
686777-1519885-0	476.190476190476	X	X
68892-199047-0	402.684563758389	X	X
68893-200274-0	428.571428571429	X	X
69137-425385-0	333.333333333333	X	X
692091-1488808-0	315.789473684211	X	X
692433-1512476-0	500	X	X
692559-1572052-0	377.358490566038	X	X
693727-1473795-0	300	X	X
693946-1468282-0	337.078651685393	X	X
696175-1480224-0	315.789473684211	X	X
696607-1483353-0	594.059405940594	X	X
697961-1525129-0	394.736842105263	X	X
698737-1479802-0	342.857142857143	X	X
70057-201601-0	352.941176470588	X	X
703347-1488097-0	352.941176470588	X	X
705434-1492042-0	416.666666666667	X	X
70596-126873-0	324.324324324324	X	X
70596-126873-178895	1297.2972972973	X	X
70596-126873-32463	324.324324324324	X	X
706818-1494420-0	315.789473684211	X	X
70716-206840-0	363.636363636364	X	X
707371-1541347-0	312.5	X	X
707380-1503470-0	340.909090909091	X	X
707380-1503470-11784	340.909090909091	X	X
707380-1503470-63625	363.636363636364	X	X
708535-1653047-1893	789.473684210526	X	X
710228-1501394-0	727.272727272727	X	X
710305-1501517-0	372.670807453416	X	X
710305-1501517-236577	352.941176470588	X	X
710897-1505211-0	375	X	X
712779-1506556-0	352.941176470588	X	X
712993-1517266-37778	461.538461538462	X	X
712993-1517266-4547	461.538461538462	X	X
717343-1516778-0	250	X	X
718040-1569488-0	222.23045297974	X	X
718040-1569488-15119	222.23045297974	X	X
718040-1569488-52229	222.23045297974	X	X
71826-205576-0	182.926829268293	X	X
718632-1552952-0	410.958904109589	X	X
718732-1518608-0	333.333333333333	X	X
719158-1542952-0	265.486725663717	X	X
719158-1542952-104778	265.486725663717	X	X
719552-1521434-0	352.941176470588	X	X
719896-1520055-0	315.789473684211	X	X
719896-1520055-21338	315.789473684211	X	X
719896-1520055-31600	315.789473684211	X	X
720240-1524133-0	331.5649867374	X	X
720424-1538162-6605	422.535211267606	X	X
721320-1523138-0	386.050701325441	X	X
721721-1523957-0	468.75	X	X
721804-1531842-0	324.324324324324	X	X
72217-213833-0	272.727272727273	X	X
722463-1525241-206192	428.571428571429	X	X
722463-1525241-274770	428.571428571429	X	X
722463-1525241-302162	428.571428571429	X	X
722463-1525241-341614	428.571428571429	X	X
722463-1525241-89617	428.571428571429	X	X
723024-1559935-0	307.692307692308	X	X
72345-206818-0	370.37037037037	X	X
7238-0-0	0	X	X
72420-206971-41132	377.358490566038	X	X
72420-206971-4907	377.358490566038	X	X
72420-206971-77358	377.358490566038	X	X
72420-206971-95470	377.358490566038	X	X
724594-1533603-0	363.636363636364	X	X
724704-1547825-0	333.333333333333	X	X
724759-1530409-0	413.793103448276	X	X
725171-1541573-0	638.297872340426	X	X
725579-1532008-0	342.857142857143	X	X
725769-1532376-0	468.75	X	X
725769-1532376-179901	434.782608695652	X	X
725769-1532376-261688	344.827586206897	X	X
725769-1532376-331462	468.75	X	X
728075-1538056-0	431.654676258993	X	X
729058-1585523-0	337.078651685393	X	X
729059-1551651-0	375	X	X
729156-1539185-0	361.44578313253	X	X
729156-1539185-343003	361.44578313253	X	X
729279-1545608-0	454.545454545455	X	X
729588-1539972-0	352.941176470588	X	X
730367-1565293-0	327.868852459016	X	X
731933-1803876-0	444.444444444444	X	X
732980-1551810-0	363.636363636364	X	X
734135-1580557-0	352.941176470588	X	X
734135-1580557-112259	352.941176470588	X	X
734352-1549486-0	419.58041958042	X	X
734443-1549642-0	303.030303030303	X	X
734443-1549642-10033	275.229357798165	X	X
734487-1549786-0	300	X	X
734555-1550335-0	888.888888888889	X	X
734555-1550335-31498	337.078651685393	X	X
735351-1552342-0	342.857142857143	X	X
735711-1552896-0	413.793103448276	X	X
736694-1571816-0	422.535211267606	X	X
737852-1557181-0	450.000000001125	X	X
737852-1557181-10358	300	X	X
737852-1557181-60758	450.000000001125	X	X
737852-1557181-75158	300	X	X
738011-1559387-0	363.636363636364	X	X
739262-1601126-0	378.548895899054	X	X
73976-210359-0	333.333333333333	X	X
740541-1562317-119200	250	X	X
740541-1562317-12700	250	X	X
74126-216256-0	454.545454545455	X	X
744303-1569378-0	344.827586206897	X	X
74452-211439-0	387.096774193548	X	X
745401-1574159-0	340.425531914894	X	X
745401-1574159-178964	340.909090909091	X	X
745524-1589871-0	375	X	X
74606-211732-0	461.538461538462	X	X
746316-1605451-0	434.782608695652	X	X
746625-1573523-0	315.789473684211	X	X
74664-211889-0	300	X	X
746655-1573582-21526	416.666666666667	X	X
747066-1574312-0	405.405405405405	X	X
748291-1621084-0	346.820809248555	X	X
748589-1609565-0	444.444444444444	X	X
748836-1604098-0	368.098159509202	X	X
750363-1580161-0	500	X	X
750363-1580161-33734	352.941176470588	X	X
750690-1629609-0	508.474576271186	X	X
750963-1581190-0	428.571428571429	X	X
751782-1582610-0	333.333333333333	X	X
751785-1582618-0	545.454545454546	X	X
751785-1582618-38869	352.941176470588	X	X
751846-1582772-0	300	X	X
753005-1585398-0	389.61038961039	X	X
753514-1589404-0	319.148936170213	X	X
753514-1589404-67971	319.148936170213	X	X
754110-1587703-44517	352.941176470588	X	X
754219-1587909-0	347.826086956522	X	X
754277-1588075-0	400	X	X
754464-1588391-144376	300	X	X
754464-1588391-167176	300	X	X
754464-1588391-188776	300	X	X
754464-1588391-203176	300	X	X
754464-1588391-238276	300	X	X
754464-1588391-5176	300	X	X
75509-213302-0	625	X	X
75509-213302-11459	312.5	X	X
756794-1605148-0	1600	X	X
756794-1605148-128271	800	X	X
756794-1605148-13071	800	X	X
756794-1605148-179471	800	X	X
756794-1605148-217871	6400	X	X
756794-1605148-230671	6400	X	X
756794-1605148-51471	800	X	X
756794-1605148-93071	800	X	X
757813-1596819-0	363.636363636364	X	X
758130-1603339-0	326.086956521739	X	X
760100-1660979-122695	555.555555555556	X	X
760100-1660979-13516	555.555555555556	X	X
760100-1660979-140459	833.333333333333	X	X
760100-1660979-177159	833.333333333333	X	X
760100-1660979-227150	833.333333333333	X	X
760100-1660979-243816	1111.11111111111	X	X
760100-1660979-57960	833.333333333333	X	X
760100-1660979-96014	555.555555555556	X	X
760407-1599267-0	468.75	X	X
760407-1599267-75466	468.75	X	X
760407-1599267-97965	468.75	X	X
760473-1636694-0	250	X	X
760473-1636694-89506	250	X	X
760628-1658081-0	340.909090909091	X	X
761500-1601237-0	432.654676258993	X	X
762232-1602634-0	250	X	X
762635-1700716-0	348.837209302326	X	X
763094-1604268-0	333.333333333333	X	X
763094-1604268-133783	307.692307692308	X	X
763094-1604268-13790	307.692307692308	X	X
763094-1604268-192859	312.5	X	X
763094-1604268-208227	307.692307692308	X	X
763094-1604268-264842	307.692307692308	X	X
763094-1604268-31328	307.692307692308	X	X
763094-1604268-51327	307.692307692308	X	X
763094-1604268-73480	307.692307692308	X	X
763094-1604268-91018	307.692307692308	X	X
763099-1648937-0	566.037735849057	X	X
763619-1607294-0	285.714285714286	X	X
763619-1607294-64184	285.714285714286	X	X
763819-1606044-0	335.195530726257	X	X
764067-1624401-0	526.315789473684	X	X
764067-1624401-20710	387.096774193548	X	X
765169-1608872-0	324.324324324324	X	X
765778-1614054-0	296.237780191567	X	X
766939-1692474-0	306.122448979592	X	X
767253-1612691-28154	346.820809248555	X	X
767253-1612691-3183	346.820809248555	X	X
767253-1612691-38211	346.820809248555	X	X
768065-1639281-0	285.714285714286	X	X
768390-1615992-0	331.491712707182	X	X
76882-230674-0	272.727272727273	X	X
770165-1631954-5477	320.855614973262	X	X
770300-1621175-0	342.857142857143	X	X
772093-1626733-5147	300	X	X
773043-1643844-0	300	X	X
774450-1691685-0	454.545454545455	X	X
774612-1628021-0	451.127819548872	X	X
774612-1628021-41864	389.61038961039	X	X
775093-1628846-0	666.666666666667	X	X
775093-1628846-312903	2307.69230769231	X	X
775130-1628912-0	428.571428571429	X	X
775590-1630902-101433	307.692307692308	X	X
775590-1630902-12203	307.692307692308	X	X
775590-1630902-131586	307.692307692308	X	X
775590-1630902-170970	307.692307692308	X	X
775590-1630902-187585	307.692307692308	X	X
775590-1630902-62049	307.692307692308	X	X
776529-1633220-0	387.096774193548	X	X
776939-1633499-0	333.333333333333	X	X
776976-1632423-0	315.789473684211	X	X
776979-1632428-0	375	X	X
777681-1633678-0	352.941176470588	X	X
778319-1849735-0	674.157303370787	X	X
778319-1849735-63566	674.157303370787	X	X
779107-1657468-0	309.278350515464	X	X
77999-218464-0	400	X	X
780122-1638680-0	437.956204379562	X	X
780368-1639306-0	394.736842105263	X	X
781693-1641857-0	375	X	X
782078-1642364-0	333.333333333333	X	X
782106-1642420-0	352.941176470588	X	X
782778-1666092-0	333.333333333333	X	X
782989-1644003-129531	348.837209302326	X	X
782989-1644003-28989	348.837209302326	X	X
782989-1644003-6582	348.837209302326	X	X
782989-1644003-79277	348.837209302326	X	X
785235-1648606-0	342.857142857143	X	X
785703-1658312-0	312.5	X	X
785890-1676829-0	333.333333333333	X	X
785902-1649916-0	375	X	X
785902-1649916-171389	375	X	X
785902-1649916-217902	375	X	X
785902-1649916-241894	375	X	X
785902-1649916-277887	375	X	X
785902-1649916-28887	375	X	X
785902-1649916-46895	375	X	X
785902-1649916-96387	375	X	X
786195-1683474-0	291.26213592233	X	X
786689-1651310-0	480	X	X
786761-1652189-0	461.538461538462	X	X
788865-1658715-0	322.58064516129	X	X
789095-1656150-0	483.870967741935	X	X
789095-1656150-11741	483.870967741935	X	X
789095-1656150-251741	483.870967741935	X	X
789095-1656150-274966	483.870967741935	X	X
789095-1656150-402707	483.870967741935	X	X
789738-1739825-0	468.75	X	X
790050-1663161-0	272.727272727273	X	X
79116-221948-0	324.324324324324	X	X
79149-229695-0	342.857142857143	X	X
79149-229695-64152	342.857142857143	X	X
79149-229695-75466	342.857142857143	X	X
791667-1660761-0	441.176470588235	X	X
791667-1660761-43256	441.176470588235	X	X
7930-0-0	0	X	X
793108-1696465-0	333.333333333333	X	X
793931-1667532-0	333.333333333333	X	X
794069-1667878-0	468.75	X	X
79454-281914-0	230.769230769231	X	X
796420-1672407-0	352.941176470588	X	X
797393-1674896-0	342.857142857143	X	X
798007-1675841-2245	674.157303370787	X	X
798261-1677119-0	400	X	X
798261-1677119-64323	400	X	X
798420-1676639-0	307.692307692308	X	X
798509-1676793-0	566.037735849057	X	X
798509-1676793-258794	588.235294117647	X	X
798509-1676793-281078	566.037735849057	X	X
799551-1678715-0	312.5	X	X
799569-1680858-0	362.976406533575	X	X
799699-1685570-0	437.956204379562	X	X
79989-234643-0	387.096774193548	X	X
801581-1724651-0	250	X	X
802454-1728826-0	579.710144927536	X	X
802454-1728826-151700	579.710144927536	X	X
802454-1728826-205031	579.710144927536	X	X
803569-1689479-0	291.26213592233	X	X
804230-1690870-0	382.165605095541	X	X
804233-1733839-0	315.789473684211	X	X
804604-1689100-17215	387.096774193548	X	X
806105-1708266-15341	465.704727679161	X	X
8063-0-0	0	X	X
806859-1701400-0	335.195530726257	X	X
807855-1695388-0	322.58064516129	X	X
808100-1737213-0	329.67032967033	X	X
808175-1775026-0	315.789473684211	X	X
808835-1700432-0	348.837209302326	X	X
808864-1697343-0	344.827586206897	X	X
809405-1698478-0	344.829567986023	X	X
810537-1702850-0	303.030303030303	X	X
812551-1725613-0	352.941176470588	X	X
812551-1725613-61941	352.941176470588	X	X
812551-1725613-88550	352.941176470588	X	X
813451-1707072-0	322.58064516129	X	X
813454-1707638-0	333.333333333333	X	X
813536-1706168-0	372.670807453416	X	X
813773-1706571-15676	230.769230769231	X	X
8163-0-0	0	X	X
817222-1713636-0	357.142857142857	X	X
817411-1728014-0	315.789473684211	X	X
817516-1714350-0	250	X	X
817667-1714833-0	545.454545454546	X	X
818245-1730526-0	333.333333333333	X	X
8184-0-0	0	X	X
819611-1718454-0	315.789473684211	X	X
819611-1718454-188297	315.789473684211	X	X
819611-1718454-199665	315.789473684211	X	X
820198-1761413-0	428.571428571429	X	X
820198-1761413-109701	440.366972477064	X	X
820198-1761413-123683	428.571428571429	X	X
820198-1761413-64027	428.571428571429	X	X
822626-1724122-0	206.896551724138	X	X
822892-1724600-16830	400	X	X
822892-1724600-255230	400	X	X
823314-1725430-0	279.06976744186	X	X
824132-1742530-131522	218.978102189781	X	X
824132-1742530-149039	218.978102189781	X	X
824132-1742530-46123	218.978102189781	X	X
824132-1742530-5819	218.978102189781	X	X
824132-1742530-70648	218.978102189781	X	X
824517-1727898-0	800	X	X
824959-1733441-0	352.941176470588	X	X
827286-1734522-0	254.237288135593	X	X
827875-1763997-111339	291.26213592233	X	X
827875-1763997-13733	400	X	X
827875-1763997-166969	291.26213592233	X	X
827875-1763997-186775	291.26213592233	X	X
827875-1763997-264250	291.26213592233	X	X
827875-1763997-40861	291.26213592233	X	X
827875-1763997-91540	291.26213592233	X	X
8284-0-0	0	X	X
828808-1736412-0	526.315789473684	X	X
828808-1736412-25445	263.157894736842	X	X
828808-1736412-254918	263.157894736842	X	X
829511-1737885-0	451.127819548872	X	X
829511-1737885-174541	350.877192982456	X	X
829511-1737885-222260	350.877192982456	X	X
829511-1737885-259101	350.877192982456	X	X
829511-1737885-362960	350.877192982456	X	X
829511-1737885-98402	350.877192982456	X	X
829940-1745634-0	333.333333333333	X	X
829940-1745634-213315	333.333333333333	X	X
829940-1745634-371314	333.333333333333	X	X
829940-1745634-463314	333.333333333333	X	X
829940-1745634-517126	666.666666666667	X	X
829940-1745634-78648	333.333333333333	X	X
831236-1741487-0	789.473684210526	X	X
831236-1741487-137127	789.473684210526	X	X
831236-1741487-197126	789.473684210526	X	X
831236-1741487-212915	789.473684210526	X	X
831236-1741487-54773	789.473684210526	X	X
831236-1741487-98964	789.473684210526	X	X
831242-1741498-0	441.176470588235	X	X
831242-1741498-172987	441.176470588235	X	X
831242-1741498-195928	441.176470588235	X	X
83130-289999-0	352.941176470588	X	X
832467-1744005-0	441.176470588235	X	X
832467-1744005-100571	441.176470588235	X	X
832467-1744005-16838	363.636363636364	X	X
832467-1744005-58566	441.176470588235	X	X
832467-1744005-72683	363.636363636364	X	X
835194-1753408-0	361.44578313253	X	X
835194-1753408-69488	361.44578313253	X	X
83560-557963-0	342.857142857143	X	X
839864-1759483-0	342.857142857143	X	X
84023-231825-0	461.538461538462	X	X
840447-1759213-0	508.474576271186	X	X
840447-1759213-70230	344.827586206897	X	X
841592-1841732-0	240	X	X
844351-1766272-0	370.37037037037	X	X
844351-1766272-13207	370.37037037037	X	X
84487-232738-0	625	X	X
84487-232738-11745	312.5	X	X
84487-232738-174245	625	X	X
84487-232738-189245	312.5	X	X
845714-1768837-0	387.096774193548	X	X
845714-1768837-126676	387.096774193548	X	X
845714-1768837-231966	384.615384615385	X	X
845714-1768837-355042	385.852090032154	X	X
84629-233026-0	352.941176470588	X	X
846301-1770020-0	923.076923076923	X	X
846301-1770020-105380	342.857142857143	X	X
846301-1770020-165678	461.538461538462	X	X
846301-1770020-198916	461.538461538462	X	X
846301-1770020-222832	342.857142857143	X	X
846301-1770020-245403	342.857142857143	X	X
846301-1770020-25153	333.333333333333	X	X
846301-1770020-301631	337.078651685393	X	X
846301-1770020-74591	342.857142857143	X	X
847126-1771678-0	312.5	X	X
847126-1771678-178500	312.5	X	X
847126-1771678-29438	312.5	X	X
847126-1771678-298474	312.5	X	X
84865-287805-0	319.148936170213	X	X
849022-1783219-0	368.098159509202	X	X
849022-1783219-39067	368.098159509202	X	X
849141-1778936-0	315.789473684211	X	X
849141-1778936-217674	315.789473684211	X	X
849141-1778936-85043	315.789473684211	X	X
85040-242948-0	304.568527918782	X	X
850663-1778453-178000	625	X	X
850663-1778453-32806	625	X	X
850663-1778453-77806	625	X	X
852771-1782371-0	346.820809248555	X	X
852785-1789833-0	254.237288135593	X	X
854503-1850300-0	340.909090909091	X	X
856498-1789337-0	217.391304347826	X	X
857816-1810519-0	346.820809248555	X	X
857857-1795425-0	375	X	X
85802-235470-0	315.789473684211	X	X
85802-235470-12728	315.789473684211	X	X
85802-235470-37438	315.789473684211	X	X
859370-1819801-0	294.117647058824	X	X
860748-1809947-0	338.983050847458	X	X
861475-1808359-0	375	X	X
861819-1809769-105849	508.560773012375	X	X
861819-1809769-140419	508.560773012375	X	X
861819-1809769-160773	508.388408744281	X	X
861819-1809769-52952	508.560773012375	X	X
861946-1829451-0	272.727272727273	X	X
863472-1809736-0	324.324324324324	X	X
863472-1809736-479685	422.535211267606	X	X
863472-1809736-500811	422.535211267606	X	X
863999-1807130-0	425.531914893617	X	X
864109-1920676-0	495.867768595041	X	X
864242-2038392-0	441.176470588235	X	X
8650-0-0	0	X	X
865577-1809853-0	375	X	X
865746-1810299-0	344.827586206897	X	X
865761-1810172-113210	409.559109618496	X	X
865761-1810172-258566	413.795957213498	X	X
865761-1810172-281710	404.043124869528	X	X
865761-1810172-314545	400.002666684445	X	X
866443-1824472-0	348.837209302326	X	X
866938-1812398-0	342.857142857143	X	X
867519-1813535-0	468.75	X	X
867519-1813535-129579	350.877192982456	X	X
867519-1813535-157334	468.75	X	X
868275-1840816-0	370.37037037037	X	X
869594-1844157-7205	410.958904109589	X	X
873811-1846237-0	329.67032967033	X	X
873811-1846237-13066	326.086956521739	X	X
873811-1846237-37848	322.58064516129	X	X
874895-1849904-0	329.67032967033	X	X
874895-1849904-141970	329.67032967033	X	X
874895-1849904-155131	329.67032967033	X	X
874895-1849904-209856	375	X	X
874895-1849904-43043	329.67032967033	X	X
875043-1828741-0	350.877192982456	X	X
875043-1828741-27106	329.67032967033	X	X
875117-1878540-0	329.67032967033	X	X
875117-1878540-125264	329.67032967033	X	X
875117-1878540-150318	329.67032967033	X	X
875117-1878540-38232	329.67032967033	X	X
875962-1832015-0	352.941176470588	X	X
876259-1831801-0	405.405405405405	X	X
876259-1831801-295063	810.810810810811	X	X
87689-239363-0	416.666666666667	X	X
877973-1837184-0	342.857142857143	X	X
879193-1838662-2684	333.333333333333	X	X
880285-1840789-0	571.428571428571	X	X
880456-1871931-0	461.538461538462	X	X
881769-1849408-0	342.857142857143	X	X
883502-1846878-0	267.857142857143	X	X
883502-1846878-12075	200	X	X
884100-1848062-0	444.444444444444	X	X
884589-1848941-0	329.67032967033	X	X
884845-1851542-0	348.837209302326	X	X
884977-1858518-0	245.901639344262	X	X
885837-1851411-0	428.571428571429	X	X
885837-1851411-61800	428.471428571429	X	X
88743-241695-0	348.837209302326	X	X
888109-1906894-0	342.857142857143	X	X
88911-294387-0	350.877192982456	X	X
890270-1899839-0	315.789473684211	X	X
891337-1863226-0	300	X	X
891632-1864006-0	310.880829015544	X	X
893089-1866725-0	500	X	X
893694-1867644-0	468.75	X	X
894026-1869428-0	545.454545454546	X	X
894026-1869428-24543	333.333333333333	X	X
894296-1868825-0	294.117647058824	X	X
894919-1870002-0	545.454545454546	X	X
894919-1870002-24587	333.333333333333	X	X
896085-1872256-0	428.571428571429	X	X
897698-1875397-0	322.58064516129	X	X
897698-1875397-118785	322.58064516129	X	X
897698-1875397-63298	322.58064516129	X	X
89832-244045-0	500	X	X
89832-244045-18310	300	X	X
89832-244045-95411	300	X	X
899364-1878660-0	454.545454545455	X	X
90095-252812-0	309.278350515464	X	X
901131-1891696-0	337.078651685393	X	X
901641-1882605-18077	674.157303370787	X	X
901641-1882605-43240	300	X	X
9044-0-0	0	X	X
907812-1894454-0	566.037735849057	X	X
907848-1894536-0	340.909090909091	X	X
908561-1895860-0	368.098159509202	X	X
908561-1895860-29726	338.983050847458	X	X
908578-1895894-0	468.75	X	X
908578-1895894-127941	351.906158357771	X	X
908578-1895894-157945	468.75	X	X
908729-1896448-0	329.67032967033	X	X
914756-1912293-0	389.61038961039	X	X
914756-1912293-13969	359.281437125748	X	X
915299-1911625-0	500	X	X
916277-1913606-0	359.281437125748	X	X
916277-1913606-68190	359.281437125748	X	X
917930-1917098-0	337.078651685393	X	X
9220-0-0	0	X	X
926030-1935741-0	288.461538461538	X	X
926031-1934193-0	333.333333333333	X	X
929313-1940924-0	188.679245283019	X	X
929313-1940924-427273	352.941176470588	X	X
929313-1940924-66178	188.679245283019	X	X
934627-1951848-0	428.571428571429	X	X
93522-256549-0	333.333333333333	X	X
93523-252238-0	461.538461538462	X	X
93523-252238-227204	461.538461538462	X	X
93523-252238-263204	230.769230769231	X	X
93523-252238-49051	230.769230769231	X	X
937213-1959471-0	331.491712707182	X	X
937213-1959471-204902	666.666666666667	X	X
942866-1969007-0	369.230769230769	X	X
945904-1975112-0	375	X	X
94631-254574-0	348.837209302326	X	X
948950-2123190-0	588.235294117647	X	X
95026-283061-0	750	X	X
952409-1988751-0	294.117647058824	X	X
9534-0-0	0	X	X
9546-0-0	0	X	X
962088-2014470-0	329.67032967033	X	X
962172-2014639-0	304.568527918782	X	X
968171-2025941-0	322.58064516129	X	X
96835-259336-0	428.571428571429	X	X
971904-2034952-0	294.117647058824	X	X
973230-2037461-0	476.190476190476	X	X
975881-2045016-0	405.405405405405	X	X
975881-2045016-101349	352.941176470588	X	X
975881-2045016-144174	352.941176470588	X	X
975881-2045016-168179	365.853658536585	X	X
975881-2045016-194602	352.941176470588	X	X
975881-2045016-217499	352.941176470588	X	X
975881-2045016-74140	352.941176470588	X	X
97614-260872-0	451.127819548872	X	X
977903-2046631-0	340.909090909091	X	X
98042-261741-0	333.333333333333	X	X
98042-261741-123150	250	X	X
98042-261741-145450	333.333333333333	X	X
98042-261741-61017	333.333333333333	X	X
98042-261741-99150	250	X	X
98141-261937-0	230.769230769231	X	X
982992-2057106-0	333.333333333333	X	X
984641-2063684-0	468.75	X	X
987746-2066268-0	434.782608695652	X	X
989347-2069610-0	342.857142857143	X	X
995071-2182504-0	294.117647058824	X	X
998885-2089154-0	697.674418604651	X	X
