-450291-0	333	X	X
1001653-2096799-0	323	X	X
1006385-2106456-0	316	X	X
100931-542442-0	405	X	X
1011011-2116202-0	462	X	X
1011573-2117268-0	313	X	X
1011573-2117268-275377	313	X	X
101188-268272-0	462	X	X
1020429-2143040-0	337	X	X
1020429-2143040-23930	337	X	X
1022393-2154520-0	323	X	X
1022787-2146288-20659	323	X	X
1032163-2185535-0	353	X	X
103372-333080-0	333	X	X
103372-333080-125010	333	X	X
1034008-2161929-0	300	X	X
1035110-2164190-0	323	X	X
1041518-2184660-0	359	X	X
105350-276588-0	405	X	X
105350-276588-62253	405	X	X
1054045-2202493-0	333	X	X
1054045-2202493-203420	414	X	X
1054045-2202493-380556	333	X	X
1057368-2210068-0	390	X	X
1058282-2361078-0	405	X	X
106010-278273-0	240	X	X
1065214-2230617-0	469	X	X
1065214-2230617-127816	352	X	X
1065214-2230617-157840	469	X	X
1073023-0-0	387	X	X
107644-281989-0	382	X	X
1076622-2252784-155043	375	X	X
1078668-2256987-0	429	X	X
1079510-2258534-0	353	X	X
1079510-2258534-144243	387	X	X
1079510-2258534-222350	388	X	X
1079510-2258534-268087	443	X	X
1079510-2258534-287141	447	X	X
1079510-2258534-30150	353	X	X
1079510-2258534-94664	387	X	X
1086389-2271873-0	351	X	X
1093127-2284898-0	366	X	X
1093562-2286572-12608	375	X	X
109401-302493-0	294	X	X
1094931-2607920-0	441	X	X
1098181-2321761-0	414	X	X
110126-311665-0	364	X	X
110126-311665-62154	364	X	X
1101591-2303247-0	313	X	X
110557-287979-0	428	X	X
1107950-2315562-0	339	X	X
1107950-2315562-119901	339	X	X
1107950-2315562-86003	339	X	X
111045-310385-0	324	X	X
111045-310385-111666	324	X	X
111045-310385-44856	324	X	X
1111295-2361060-0	343	X	X
1114556-2328228-0	351	X	X
111760-290581-0	345	X	X
1118283-2335871-0	370	X	X
1118726-2346547-0	395	X	X
112037-294729-0	455	X	X
1121120-2342557-0	313	X	X
1121120-2342557-428622	313	X	X
112408-292006-0	347	X	X
112651-305259-0	369	X	X
1126845-2354365-0	472	X	X
112941-293193-0	392	X	X
113458-979405-0	300	X	X
114220-948371-0	337	X	X
114987-297668-0	316	X	X
115193-347745-0	375	X	X
1155295-2410950-0	288	X	X
1158202-2417097-0	316	X	X
1159718-2419834-0	341	X	X
1164270-2428685-0	400	X	X
1170512-2441822-0	484	X	X
1171923-2444391-0	400	X	X
1173332-2452646-0	300	X	X
1181343-2535687-0	353	X	X
118687-305009-0	405	X	X
118763-430110-0	300	X	X
118763-430110-101564	300	X	X
118763-430110-139964	300	X	X
118763-430110-36167	300	X	X
118763-430110-50853	300	X	X
118763-430110-75694	300	X	X
1187931-2475581-0	343	X	X
1194377-2641000-0	345	X	X
119447-307289-0	283	X	X
119467-306725-0	448	X	X
119779-307412-0	417	X	X
119990-307831-0	405	X	X
120058-307981-0	300	X	X
1202320-2515388-0	375	X	X
1202320-2515388-16373	308	X	X
1213131-2524879-0	355	X	X
1213131-2524879-167196	355	X	X
1213131-2524879-73469	355	X	X
121662-315741-0	300	X	X
122605-315260-13273	300	X	X
122605-315260-178873	300	X	X
122605-315260-205273	300	X	X
122605-315260-2473.52634123162	300	X	X
122605-315260-81673	300	X	X
1229471-2563913-0	311	X	X
1233402-2564107-0	343	X	X
1235110-2701875-0	455	X	X
123593-315552-0	451	X	X
123839-344619-0	423	X	X
1238759-2608001-0	462	X	X
124857-318052-0	469	X	X
125079-318562-0	343	X	X
1253246-2651508-0	331	X	X
125511-319499-0	273	X	X
125511-319499-165873	273	X	X
125843-620303-0	400	X	X
125843-620303-26701	250	X	X
1259273-2617769-0	333	X	X
126157-320712-0	300	X	X
1265315-2629667-0	361	X	X
126628-321668-0	400	X	X
1270122-2640465-0	300	X	X
1273378-2646064-0	429	X	X
1274974-2649160-0	353	X	X
1274974-2649160-17488	353	X	X
1276862-2654115-0	435	X	X
127712-323769-0	429	X	X
1280436-2659781-0	333	X	X
1280436-2659781-109900	364	X	X
1280436-2659781-15123	400	X	X
1280436-2659781-226961	364	X	X
1280436-2659781-237142	375	X	X
1280436-2659781-291162	400	X	X
1280436-2659781-304762	400	X	X
1280436-2659781-52713	364	X	X
1280436-2659781-73355	375	X	X
1281273-2661270-0	357	X	X
1281581-2661970-0	364	X	X
128223-499708-0	337	X	X
1285462-2668989-0	300	X	X
128652-325674-0	349	X	X
128931-847316-0	343	X	X
1295855-2688681-0	333	X	X
129676-327526-173266	316	X	X
1301735-2699986-0	455	X	X
131854-345413-0	414	X	X
132044-469566-0	405	X	X
1323207-2916911-0	294	X	X
133245-344278-0	286	X	X
133278-334760-261903	263	X	X
133278-334760-49158	349	X	X
135058-446215-0	364	X	X
135058-446215-71464	364	X	X
136095-340843-0	438	X	X
137665-368261-0	343	X	X
138982-346988-0	345	X	X
1398443-2885482-0	469	X	X
140662-351189-0	469	X	X
140845-358001-0	265	X	X
140845-358001-104824	265	X	X
141437-352756-0	429	X	X
141437-352756-19705	333	X	X
141437-352756-210047	387	X	X
141437-352756-250304	387	X	X
142545-355533-0	444	X	X
143397-507728-0	330	X	X
143457-985471-0	347	X	X
143608-357145-0	286	X	X
143717-357381-0	337	X	X
143717-357381-11490	337	X	X
144190-358299-0	359	X	X
145215-527001-0	265	X	X
145215-527001-90811	265	X	X
145909-363408-0	400	X	X
146474-370883-0	337	X	X
1473909-3025038-0	314	X	X
147773-366835-0	375	X	X
148003-371337-13648	300	X	X
148413-367422-0	400	X	X
149648-374778-0	317	X	X
149648-374778-21727	317	X	X
149648-374778-68076	317	X	X
150577-372244-0	380	X	X
150577-372244-80470	387	X	X
150577-372244-91309	380	X	X
15066-96165-0	366	X	X
151232-374899-0	472	X	X
151720-421532-0	343	X	X
151985-377090-0	462	X	X
152617-375467-0	359	X	X
153206-376736-0	469	X	X
153209-387635-0	375	X	X
153776-476149-0	316	X	X
153776-476149-32029	316	X	X
153776-476149-98660	316	X	X
154058-384974-0	333	X	X
154058-384974-56581	333	X	X
154058-384974-77914	333	X	X
154833-380029-0	364	X	X
155008-380426-0	333	X	X
155749-545556-0	336	X	X
155945-382332-0	420	X	X
156235-389684-0	333	X	X
156235-389684-83981	333	X	X
156805-384093-3390	349	X	X
157168-402624-0	387	X	X
157617-535563-0	286	X	X
157617-535563-229217	286	X	X
158023-554519-0	250	X	X
158811-388353-180292	469	X	X
158811-388353-223417	234	X	X
158811-388353-67792	234	X	X
158811-388353-7791	469	X	X
160201-391522-0	408	X	X
160553-395599-0	353	X	X
161089-1073247-0	333	X	X
162996-408494-6665	333	X	X
163112-397535-0	469	X	X
163434-766098-0	366	X	X
163701-398759-0	462	X	X
163808-399017-0	279	X	X
166583-405716-0	400	X	X
166583-405716-18867	355	X	X
168201-428931-0	400	X	X
168201-428931-18952	355	X	X
169081-409871-144831	400	X	X
169848-550087-0	429	X	X
171723-415307-0	330	X	X
172900-417898-0	400	X	X
172907-417912-0	400	X	X
172907-417912-19049	355	X	X
173288-418725-0	339	X	X
174340-420964-0	300	X	X
174417-905424-0	387	X	X
175241-422762-8055	333	X	X
175671-703584-0	370	X	X
177444-427090-0	313	X	X
177444-427090-198677	313	X	X
177444-427090-72427	313	X	X
177444-427090-93677	313	X	X
177561-427375-0	355	X	X
179486-431519-0	395	X	X
179486-431519-75014	395	X	X
179726-432032-0	387	X	X
180679-434069-104810	265	X	X
180679-434069-183393	265	X	X
180679-434069-229985	265	X	X
180679-434069-25693	265	X	X
180679-434069-8702	265	X	X
180721-454736-0	331	X	X
180735-434189-0	263	X	X
181492-435652-0	333	X	X
181917-438096-0	351	X	X
183267-440413-0	308	X	X
183540-439652-0	364	X	X
183656-483186-0	308	X	X
183656-483186-24442	308	X	X
185250-763294-0	317	X	X
185257-565256-0	472	X	X
186318-487589-0	345	X	X
186340-590337-0	316	X	X
186340-590337-138049	316	X	X
186340-590337-224891	316	X	X
189529-480648-0	333	X	X
190222-453042-0	351	X	X
190390-453358-0	462	X	X
190390-453358-119920	462	X	X
190851-454632-0	326	X	X
191723-456277-255230	400	X	X
191723-456277-830	400	X	X
194105-461045-0	375	X	X
194105-461045-64188	375	X	X
194105-461045-86688	375	X	X
194252-504535-0	462	X	X
194252-504535-147839	462	X	X
194252-504535-177387	462	X	X
194252-504535-192617	462	X	X
194861-472110-0	382	X	X
200261-474730-0	419	X	X
201118-476337-0	300	X	X
201282-476656-0	405	X	X
201729-477557-0	419	X	X
203567-498644-0	343	X	X
203920-482161-0	333	X	X
204089-482019-0	435	X	X
204428-482766-0	308	X	X
205660-542249-0	343	X	X
206075-800654-0	305	X	X
206984-487833-0	448	X	X
206984-487833-234196	333	X	X
206984-487833-258828	326	X	X
206984-487833-285404	316	X	X
206984-487833-29040	429	X	X
206984-487833-296060	316	X	X
206984-487833-67790	448	X	X
206984-487833-89880	462	X	X
207045-487951-0	330	X	X
210731-495651-0	387	X	X
210731-495651-294748	395	X	X
215151-515359-0	408	X	X
215819-520019-0	462	X	X
217628-521681-0	364	X	X
218654-512462-0	333	X	X
219380-637623-0	273	X	X
219728-549280-0	324	X	X
219728-549280-76459	324	X	X
219728-549280-86999	324	X	X
220694-516452-0	343	X	X
220785-689060-0	259	X	X
221801-528543-0	364	X	X
221932-543532-0	435	X	X
221932-543532-204633	465	X	X
221954-519080-0	444	X	X
221954-519080-56073	444	X	X
222255-519650-0	357	X	X
223779-522604-0	417	X	X
223779-522604-203355	417	X	X
224203-524096-14938	333	X	X
224203-524096-36271	333	X	X
224203-524096-52270	333	X	X
224293-606563-0	357	X	X
226582-531151-14887	333	X	X
226582-531151-36220	333	X	X
226582-531151-52219	333	X	X
226995-994893-224264	300	X	X
226995-994893-262672	300	X	X
226995-994893-277072	300	X	X
227128-749723-0	343	X	X
227693-530504-0	331	X	X
228402-531896-4352	353	X	X
229745-534445-0	353	X	X
230040-567254-0	345	X	X
230442-535973-0	359	X	X
230736-561814-0	333	X	X
231691-538286-0	444	X	X
232290-539578-0	296	X	X
232290-539578-19588	296	X	X
232290-539578-76336	296	X	X
233039-541044-0	273	X	X
234281-1079813-0	231	X	X
234455-638175-0	429	X	X
234919-599979-51881	333	X	X
234919-599979-8715	333	X	X
236231-547254-0	400	X	X
236231-547254-147804	400	X	X
236231-547254-88565	400	X	X
237490-599293-0	326	X	X
237490-599293-157173	326	X	X
237490-599293-183260	326	X	X
237515-609855-0	343	X	X
238004-550615-0	469	X	X
239727-554198-0	286	X	X
239822-554438-0	403	X	X
240406-556619-0	319	X	X
240926-576789-0	323	X	X
240926-576789-188499	323	X	X
241064-556909-0	400	X	X
241218-572692-0	300	X	X
241526-557821-0	330	X	X
241526-557821-161834	330	X	X
242360-559448-0	331	X	X
243072-560857-0	333	X	X
244684-563971-0	357	X	X
244684-563971-277989	370	X	X
248173-570975-0	390	X	X
249490-573627-0	333	X	X
249939-574471-0	368	X	X
251437-577517-0	347	X	X
254309-583343-0	343	X	X
254801-584317-0	357	X	X
255637-587103-0	400	X	X
256467-592739-0	343	X	X
257793-663881-0	333	X	X
257937-590219-0	326	X	X
258149-590643-0	462	X	X
258187-590687-0	462	X	X
263461-600891-0	300	X	X
264299-623835-0	343	X	X
264651-603213-0	369	X	X
267767-618865-0	306	X	X
268353-631435-0	364	X	X
268509-1079089-0	345	X	X
271481-879418-0	337	X	X
273849-621983-0	366	X	X
274587-871202-0	387	X	X
274593-623191-0	465	X	X
274645-623277-0	316	X	X
275305-624407-0	472	X	X
276963-628687-0	337	X	X
277227-628277-0	353	X	X
277421-720172-0	390	X	X
277937-629733-0	472	X	X
280107-633993-0	387	X	X
281825-637441-0	414	X	X
284609-643067-0	405	X	X
284703-643245-0	364	X	X
286471-646737-0	293	X	X
286729-675861-100336	361	X	X
286729-675861-123468	349	X	X
286729-675861-63935	382	X	X
286729-675861-8484	387	X	X
286729-675861-85336	375	X	X
287612-648876-0	333	X	X
288950-662093-0	333	X	X
288997-672327-0	375	X	X
289074-651744-137459	364	X	X
289074-651744-172368	364	X	X
289074-651744-213822	364	X	X
289074-651744-253095	364	X	X
289074-651744-274923	364	X	X
289074-651744-315655	364	X	X
289074-651744-3661	364	X	X
289074-651744-41459	364	X	X
289074-651744-69094	364	X	X
289074-651744-98186	364	X	X
290951-663674-0	343	X	X
290961-655316-111791	375	X	X
290961-655316-19076	476	X	X
290961-655316-56389	423	X	X
291386-656134-0	316	X	X
291495-757386-0	359	X	X
291689-759823-144406	462	X	X
291689-759823-177636	231	X	X
291689-759823-207174	462	X	X
291689-759823-223789	231	X	X
291689-759823-44714	231	X	X
292077-658387-0	326	X	X
292083-657519-0	387	X	X
292418-658120-0	317	X	X
292418-658120-130382	317	X	X
292418-658120-283397	317	X	X
292418-658120-298636	317	X	X
292644-658561-26061	333	X	X
293132-659497-0	343	X	X
293563-885136-10563	297	X	X
293563-885136-74722	297	X	X
294042-670743-0	400	X	X
294042-670743-21736	330	X	X
294803-662668-9834	385	X	X
295753-665062-0	300	X	X
296331-665394-0	469	X	X
296952-674188-0	328	X	X
296952-674188-207171	319	X	X
296952-674188-255362	333	X	X
296952-674188-329361	333	X	X
296952-674188-385360	319	X	X
296952-674188-413125	333	X	X
296952-674188-434125	333	X	X
296952-674188-523124	333	X	X
296952-674188-556172	319	X	X
296952-674188-599576	319	X	X
296952-674188-612980	319	X	X
296952-674188-667256	333	X	X
296952-674188-723255	332	X	X
296952-674188-768462	331	X	X
296952-674188-810892	328	X	X
296952-674188-826629	341	X	X
297698-668216-0	306	X	X
298770-718956-0	429	X	X
299454-722224-0	343	X	X
300312-679826-0	345	X	X
300639-674266-0	343	X	X
300891-674755-0	240	X	X
301703-676445-0	343	X	X
303000-679064-0	324	X	X
303803-680729-0	400	X	X
306800-686594-0	390	X	X
307034-687063-0	313	X	X
309132-691196-0	344	X	X
309479-691834-0	343	X	X
309618-860084-0	324	X	X
312402-697371-365018	333	X	X
312402-697371-66009	333	X	X
312814-698291-0	462	X	X
313305-699422-0	314	X	X
315854-703997-0	343	X	X
317275-740693-0	316	X	X
317538-860136-0	380	X	X
319107-710394-0	414	X	X
320058-712278-0	326	X	X
320118-715074-0	300	X	X
320467-713094-0	400	X	X
321179-714530-0	343	X	X
323289-718620-0	343	X	X
323302-718643-0	343	X	X
323522-726612-0	268	X	X
323627-751420-0	309	X	X
324058-727882-0	343	X	X
324320-720614-0	429	X	X
324587-721158-1180	323	X	X
324587-721158-290621	400	X	X
325158-725061-0	308	X	X
325158-725061-56692	333	X	X
326608-742829-0	300	X	X
326608-742829-34713	300	X	X
326920-908059-0	314	X	X
327557-924446-0	235	X	X
327557-924446-91682	235	X	X
328042-727755-0	343	X	X
328095-727854-0	462	X	X
328243-728113-1589	343	X	X
329949-731428-0	375	X	X
330066-772606-0	375	X	X
330074-739502-0	333	X	X
330175-732756-0	326	X	X
330216-731905-0	337	X	X
330377-2045001-0	423	X	X
331499-734339-0	343	X	X
331732-773094-0	343	X	X
332531-736212-0	414	X	X
332531-736212-108871	385	X	X
332531-736212-28872	385	X	X
332531-736212-84256	385	X	X
332907-809354-0	455	X	X
333015-737119-0	337	X	X
333139-747407-0	343	X	X
333319-752525-0	343	X	X
334469-744444-0	317	X	X
334476-746415-0	429	X	X
334991-741611-0	395	X	X
336099-748103-0	300	X	X
336345-744396-0	308	X	X
336345-744396-13262	308	X	X
336345-744396-133257	308	X	X
336345-744396-263721	308	X	X
336345-744396-30799	308	X	X
336345-744396-50798	308	X	X
336345-744396-72952	308	X	X
336345-744396-90490	308	X	X
336480-744692-0	387	X	X
337250-750157-0	353	X	X
337527-746737-0	400	X	X
338205-760646-0	429	X	X
338205-760646-182572	444	X	X
338205-760646-226127	444	X	X
338205-760646-387166	368	X	X
339130-750365-0	343	X	X
339400-750846-0	328	X	X
340412-788468-0	326	X	X
340436-753062-0	343	X	X
341524-755135-0	345	X	X
341933-762792-0	324	X	X
342360-756752-0	448	X	X
342360-756752-181506	448	X	X
343020-761231-0	311	X	X
343258-758466-0	316	X	X
343672-759318-0	300	X	X
346218-1438225-0	316	X	X
346872-765567-0	300	X	X
347023-765880-0	462	X	X
347023-765880-149381	462	X	X
347023-765880-171534	462	X	X
347234-767118-13158	273	X	X
347234-767118-2234	273	X	X
347234-767118-74237	273	X	X
348342-769112-0	414	X	X
348342-769112-15686	429	X	X
348342-769112-29376	414	X	X
348342-769112-42831	417	X	X
348342-769112-83664	417	X	X
348381-768556-0	300	X	X
350528-772774-0	328	X	X
352046-775806-0	300	X	X
352489-778097-0	316	X	X
352570-785982-0	333	X	X
354019-786540-0	345	X	X
354019-786540-26102	345	X	X
354537-801054-0	343	X	X
355801-783260-183392	265	X	X
355801-783260-8703	265	X	X
356039-783667-0	359	X	X
356245-784043-0	353	X	X
356752-784974-8477	261	X	X
357544-850729-0	448	X	X
358119-852138-0	375	X	X
358420-789180-0	300	X	X
359191-794753-0	327	X	X
359501-790428-0	359	X	X
359525-790457-0	385	X	X
360417-793257-0	429	X	X
361428-999862-797	300	X	X
361902-801610-0	347	X	X
362316-804387-1367	387	X	X
363873-804055-0	333	X	X
363882-821679-0	324	X	X
364146-799443-0	343	X	X
364146-799443-187549	343	X	X
364146-799443-226638	343	X	X
364190-862083-0	327	X	X
364401-810827-0	316	X	X
364556-901417-0	353	X	X
366647-804727-0	326	X	X
366802-810019-0	364	X	X
366928-805029-217017	273	X	X
366928-805029-77381	273	X	X
368414-807759-0	333	X	X
369058-816648-0	343	X	X
369380-809513-0	417	X	X
369674-810023-0	353	X	X
370467-1058266-0	273	X	X
370776-812471-0	345	X	X
371128-827932-0	345	X	X
371315-813588-0	469	X	X
372880-816659-0	333	X	X
373240-817623-0	345	X	X
374144-858483-0	326	X	X
374226-819766-0	429	X	X
374820-1081149-0	273	X	X
374875-821604-0	274	X	X
374875-821604-22374	274	X	X
375648-838030-0	343	X	X
375994-823840-0	400	X	X
378060-903801-0	330	X	X
380143-831868-0	337	X	X
380143-831868-22884	347	X	X
380404-940882-164121	250	X	X
380404-940882-199401	333	X	X
380404-940882-72085	250	X	X
380404-940882-92044	333	X	X
380740-849499-0	353	X	X
381604-834774-0	375	X	X
381644-958392-0	279	X	X
382707-836853-0	343	X	X
383094-1095418-137808	300	X	X
383094-1095418-155658	300	X	X
383094-1095418-170208	300	X	X
383094-1095418-186106	300	X	X
383094-1095418-7308	300	X	X
383857-1079078-11018	286	X	X
383857-1079078-289875	286	X	X
384400-839945-0	343	X	X
384772-854616-0	324	X	X
384859-840864-144678	341	X	X
385248-1053231-0	300	X	X
385363-841775-9403	279	X	X
385423-841889-0	343	X	X
385427-924503-0	324	X	X
385980-842905-0	343	X	X
386117-853166-0	339	X	X
387441-845595-0	316	X	X
387700-847387-0	250	X	X
387795-846283-0	469	X	X
388036-846726-0	333	X	X
388887-848143-0	353	X	X
389343-856430-0	337	X	X
390928-851831-0	400	X	X
391953-903567-0	326	X	X
392215-952069-0	343	X	X
392958-861021-0	347	X	X
393273-894471-0	345	X	X
394270-858798-1806	357	X	X
394270-858798-78932	357	X	X
394290-858205-0	333	X	X
394674-859007-0	343	X	X
394742-860793-0	343	X	X
394816-859248-21513	328	X	X
395149-860022-0	343	X	X
395241-860180-0	364	X	X
395690-861092-0	469	X	X
396516-873389-0	335	X	X
396532-862636-0	380	X	X
398466-866384-0	343	X	X
398921-884638-0	375	X	X
398921-884638-151312	375	X	X
399056-867630-0	435	X	X
399061-871844-0	364	X	X
400109-870695-0	382	X	X
400109-870695-176571	382	X	X
400109-870695-201921	333	X	X
400109-870695-220504	382	X	X
400109-870695-245346	382	X	X
400109-870695-272020	382	X	X
400652-883912-0	333	X	X
401352-1150541-0	314	X	X
402173-874717-0	400	X	X
402173-874717-13188	400	X	X
402173-874717-53158	400	X	X
402187-874746-0	333	X	X
403282-967559-0	417	X	X
403427-887095-0	324	X	X
403897-880023-0	335	X	X
404417-879323-0	337	X	X
404649-879785-0	341	X	X
404709-879929-0	333	X	X
404781-880091-0	300	X	X
404781-880091-294932	395	X	X
40521-128529-0	324	X	X
405516-926749-0	469	X	X
406299-994346-0	441	X	X
406299-994346-133120	441	X	X
406299-994346-39598	441	X	X
406299-994346-85450	441	X	X
406797-883944-0	333	X	X
409681-889228-173266	316	X	X
409898-892543-0	324	X	X
409916-889661-0	341	X	X
409934-969903-0	400	X	X
410476-890825-0	345	X	X
411811-893494-0	309	X	X
411811-893494-156185	309	X	X
411880-897534-0	429	X	X
411894-899534-0	264	X	X
411918-946988-222	444	X	X
413251-1270471-0	263	X	X
413592-915097-0	254	X	X
413909-931858-0	337	X	X
414348-926832-0	343	X	X
414940-910009-0	347	X	X
414984-899381-0	343	X	X
415910-905047-0	291	X	X
417541-928916-0	297	X	X
417610-930366-0	250	X	X
418837-906445-0	302	X	X
418922-907479-0	366	X	X
419073-906940-0	480	X	X
419257-1518441-20707	316	X	X
419409-922069-11470	313	X	X
419765-909764-239704	326	X	X
419765-909764-6182	324	X	X
419985-908757-0	326	X	X
420677-918997-0	297	X	X
421022-910730-0	345	X	X
421936-919511-0	321	X	X
423527-918723-0	330	X	X
423527-918723-105880	330	X	X
423527-918723-157308	326	X	X
423527-918723-182090	323	X	X
423527-918723-57873	326	X	X
423527-918723-82655	323	X	X
425091-918104-0	380	X	X
426643-921170-0	313	X	X
426945-1015824-0	333	X	X
427121-922080-0	246	X	X
427688-923244-0	333	X	X
427688-923244-227166	333	X	X
428432-924668-0	321	X	X
429882-964270-0	324	X	X
430339-929453-0	288	X	X
430622-931964-0	300	X	X
431010-1024742-0	387	X	X
431010-1024742-200053	387	X	X
431010-1024742-212397	387	X	X
431708-995839-0	319	X	X
431708-995839-59781	319	X	X
431983-1057385-0	316	X	X
432153-933425-0	469	X	X
433761-938722-0	321	X	X
434058-935438-0	429	X	X
436773-1050200-0	268	X	X
436799-985004-0	328	X	X
437055-954995-0	316	X	X
437097-968350-0	423	X	X
437544-943270-0	345	X	X
439225-964625-0	429	X	X
440068-997926-0	333	X	X
440419-947592-0	444	X	X
440419-947592-39748	444	X	X
440419-947592-78858	444	X	X
440423-950170-219088	405	X	X
440423-950170-243412	397	X	X
440423-950170-33128	397	X	X
440650-1573659-0	286	X	X
440706-972457-0	323	X	X
440868-949093-0	343	X	X
440925-964622-0	341	X	X
441155-949888-0	343	X	X
441271-949233-0	327	X	X
442276-954210-0	339	X	X
442276-954210-11810	339	X	X
442276-954210-44352	339	X	X
442276-954210-63673	339	X	X
444242-954363-35481	231	X	X
445646-974225-0	400	X	X
446774-959408-0	333	X	X
448090-961776-0	375	X	X
448439-962443-0	373	X	X
448818-1002613-144406	462	X	X
448818-1002613-177636	231	X	X
448818-1002613-207174	462	X	X
448818-1002613-223789	231	X	X
448818-1002613-44714	231	X	X
448919-1124841-214362	314	X	X
448919-1124841-68667	314	X	X
450015-965548-0	293	X	X
450406-966335-26837	420	X	X
451250-974142-0	385	X	X
451560-968632-10037	349	X	X
451560-968632-56781	349	X	X
452225-974285-0	415	X	X
452965-971528-0	343	X	X
453230-980668-0	324	X	X
453467-1040061-0	316	X	X
454322-975379-0	375	X	X
454893-1012368-0	320	X	X
455109-994043-0	286	X	X
455273-976696-0	333	X	X
455786-976908-0	417	X	X
456524-991043-0	316	X	X
456524-991043-133265	316	X	X
456524-991043-202737	316	X	X
456524-991043-217897	316	X	X
456771-978778-10765	331	X	X
456986-979231-0	324	X	X
456996-979169-0	373	X	X
457086-980603-0	330	X	X
457184-1014670-6758	324	X	X
458829-983068-0	268	X	X
458983-1043170-0	341	X	X
459086-986533-0	414	X	X
459535-984449-0	321	X	X
461226-987850-0	448	X	X
462768-991051-0	316	X	X
463361-994907-0	330	X	X
463479-992437-0	335	X	X
463701-1046294-0	375	X	X
464398-994370-135039	328	X	X
464398-994370-207169	319	X	X
464398-994370-255360	333	X	X
464398-994370-329359	333	X	X
464398-994370-366525	333	X	X
464398-994370-385358	319	X	X
464398-994370-413130	333	X	X
464398-994370-442129	333	X	X
464398-994370-523128	333	X	X
464398-994370-556177	319	X	X
464398-994370-599581	319	X	X
464398-994370-610749	319	X	X
464398-994370-667258	333	X	X
464398-994370-699258	333	X	X
464398-994370-723244	333	X	X
464398-994370-744530	332	X	X
464398-994370-768463	332	X	X
464398-994370-810912	328	X	X
465300-996108-0	307	X	X
465300-996108-10161	306	X	X
465300-996108-93440	307	X	X
466765-998827-0	375	X	X
467222-999724-0	385	X	X
468042-1023345-0	364	X	X
468042-1023345-69968	485	X	X
468042-1023345-90331	364	X	X
468184-1001463-0	444	X	X
468402-1001891-0	303	X	X
468402-1001891-169639	303	X	X
468404-1001894-0	343	X	X
46848-204672-0	429	X	X
468917-1002831-0	387	X	X
469434-1105879-0	455	X	X
469679-1084306-170640	391	X	X
469679-1084306-183140	390	X	X
469679-1084306-2329	390	X	X
470976-1006820-0	316	X	X
471255-1007344-103562	364	X	X
471255-1007344-140653	364	X	X
471255-1007344-259925	364	X	X
471255-1007344-273743	364	X	X
471255-1007344-68653	364	X	X
471255-1007344-8290	364	X	X
472735-1010053-0	366	X	X
472735-1010053-177930	368	X	X
472735-1010053-192593	359	X	X
472735-1010053-204089	353	X	X
472735-1010053-28243	353	X	X
472735-1010053-72346	353	X	X
472735-1010053-97416	353	X	X
473449-1011670-0	375	X	X
473449-1011670-61533	353	X	X
473449-1011670-84121	343	X	X
473735-1012160-0	444	X	X
473735-1012160-180564	444	X	X
473862-1012384-0	364	X	X
474420-1013404-0	390	X	X
474731-1015606-0	364	X	X
475074-1030012-0	265	X	X
475074-1030012-77146	380	X	X
475629-1056698-0	254	X	X
475629-1056698-20508	254	X	X
475629-1056698-66269	254	X	X
475629-1056698-79997	254	X	X
475629-1056698-98302	254	X	X
478405-1083055-0	268	X	X
478405-1083055-10358	268	X	X
478558-1035825-0	353	X	X
479033-1022959-0	296	X	X
480273-1025348-25588	349	X	X
481451-1035927-0	343	X	X
481920-1030242-0	444	X	X
482214-1028970-0	444	X	X
482314-1029179-0	377	X	X
483783-1032116-0	343	X	X
483844-1297649-1068	364	X	X
484689-1033882-111692	345	X	X
484689-1033882-1348.34261883225	345	X	X
484689-1033882-23416	345	X	X
484689-1033882-55141	345	X	X
484689-1033882-74451	345	X	X
485056-1053519-0	337	X	X
486003-1036379-0	400	X	X
486003-1036379-193450	400	X	X
486003-1036379-274250	400	X	X
486003-1036379-364650	400	X	X
486003-1036379-84650	400	X	X
486142-1038400-0	375	X	X
486454-1652104-34852	345	X	X
486535-1134549-0	469	X	X
486535-1134549-125679	469	X	X
486535-1134549-155691	469	X	X
486535-1134549-16929	469	X	X
486535-1134549-61929	469	X	X
486687-1037723-2627	395	X	X
486901-1038168-0	343	X	X
486916-1038187-0	313	X	X
487774-1059292-0	288	X	X
487907-1256881-0	343	X	X
487907-1256881-123879	343	X	X
487968-1056732-0	429	X	X
488238-1041874-0	429	X	X
488238-1041874-141055	429	X	X
489924-1044406-0	316	X	X
490662-1045757-0	353	X	X
490956-1060683-0	333	X	X
491057-1046537-0	353	X	X
491650-1074492-0	333	X	X
491668-1047655-0	246	X	X
492845-1153826-0	335	X	X
492845-1153826-81644	335	X	X
492925-1049999-0	288	X	X
493119-1050335-0	300	X	X
49459-192181-0	395	X	X
49459-192181-75014	395	X	X
494606-1077454-0	324	X	X
494606-1077454-200174	324	X	X
494606-1077454-210570	324	X	X
494606-1077454-36715	324	X	X
494655-1055027-24329	333	X	X
494655-1055027-297171	441	X	X
494655-1055027-36344	333	X	X
495111-1080814-0	364	X	X
495283-1067782-0	387	X	X
495800-1055374-0	429	X	X
496176-1056709-0	323	X	X
497559-1066629-0	333	X	X
497676-1059228-0	337	X	X
497769-1059390-0	332	X	X
498738-1061655-0	387	X	X
498925-1062012-0	394	X	X
500079-1083132-0	400	X	X
500133-1069835-0	300	X	X
500458-1065163-0	268	X	X
50060-162765-0	345	X	X
501992-1073711-0	332	X	X
502851-1113462-0	469	X	X
503461-1071209-0	300	X	X
504005-1355778-0	361	X	X
504171-1079573-0	345	X	X
50479-155632-0	254	X	X
504958-1074427-0	345	X	X
504958-1074427-11506	345	X	X
505401-1075139-0	387	X	X
506140-1115362-0	345	X	X
506155-1082882-172661	286	X	X
506155-1082882-192090	286	X	X
506155-1082882-210947	286	X	X
506155-1082882-3518	286	X	X
506155-1082882-97232	286	X	X
506863-1078110-0	462	X	X
506908-1078194-0	333	X	X
506976-1078432-0	462	X	X
507943-1080362-0	343	X	X
508222-1082444-0	323	X	X
508320-1081116-0	343	X	X
508320-1081116-11672	343	X	X
508680-1081834-21690	299	X	X
508947-1207717-0	333	X	X
508947-1207717-132035	333	X	X
508947-1207717-164034	333	X	X
508947-1207717-94702	333	X	X
509341-1146122-0	400	X	X
510300-1087040-0	405	X	X
510723-1085829-0	469	X	X
510859-1086050-36380	314	X	X
510871-1086071-0	366	X	X
510871-1086071-23761	366	X	X
510871-1086071-286158	366	X	X
510871-1086071-36768	366	X	X
510931-1086190-0	317	X	X
512168-1088531-0	231	X	X
512659-1089647-0	375	X	X
513274-1090652-0	403	X	X
513293-1090698-134304	438	X	X
513293-1090698-51158	438	X	X
513574-1091228-0	400	X	X
514181-1092367-0	299	X	X
514550-1101627-0	469	X	X
514772-1098329-0	330	X	X
514980-1125982-0	375	X	X
516013-1102734-0	375	X	X
516013-1102734-119883	326	X	X
516013-1102734-163017	316	X	X
516013-1102734-203731	308	X	X
516013-1102734-244823	321	X	X
516013-1102734-285311	326	X	X
516013-1102734-333023	328	X	X
516013-1102734-367435	333	X	X
516013-1102734-38405	353	X	X
516013-1102734-417050	343	X	X
516013-1102734-462323	349	X	X
516013-1102734-504849	353	X	X
516013-1102734-538826	357	X	X
516013-1102734-75225	337	X	X
51605-158107-0	414	X	X
516117-1095870-0	345	X	X
516270-1132570-0	316	X	X
516454-1132800-0	353	X	X
516494-1097543-0	343	X	X
517402-1099369-0	337	X	X
517598-1103520-0	343	X	X
51765-195667-0	300	X	X
51765-195667-64304	300	X	X
517706-1124586-0	316	X	X
517783-1110572-0	300	X	X
517817-1104300-0	341	X	X
518029-1100580-0	331	X	X
518359-1135110-0	321	X	X
518359-1135110-185965	379	X	X
518932-1109569-0	323	X	X
519154-1246405-0	417	X	X
519154-1246405-95068	417	X	X
519335-1344425-0	472	X	X
519990-1270687-0	382	X	X
520363-1105515-0	343	X	X
520363-1105515-44207	343	X	X
520363-1105515-66246	343	X	X
522872-1110320-0	469	X	X
522872-1110320-118337	273	X	X
524903-1114006-0	400	X	X
524903-1114006-223970	400	X	X
525070-1636244-0	429	X	X
526789-1117797-0	343	X	X
526789-1117797-38730	343	X	X
526789-1117797-49715	343	X	X
528048-1121248-0	324	X	X
528089-1120184-0	375	X	X
528089-1120184-127520	375	X	X
528089-1120184-139895	375	X	X
528548-1123974-0	343	X	X
528754-1122548-0	347	X	X
528821-1129261-0	423	X	X
528821-1129261-270270	423	X	X
528824-1121510-0	444	X	X
529638-1122992-0	347	X	X
529724-1123162-0	316	X	X
529729-1239555-0	311	X	X
529749-1149423-0	343	X	X
529749-1149423-166034	343	X	X
529749-1149423-45349	343	X	X
530058-1123741-0	429	X	X
531553-1126445-0	314	X	X
531553-1126445-302692	314	X	X
532165-1130447-0	326	X	X
532220-1321091-0	382	X	X
532920-1191500-0	319	X	X
533158-1129535-25696	349	X	X
53363-162994-0	426	X	X
535277-1170869-0	231	X	X
536670-1137367-0	343	X	X
537480-1138945-0	343	X	X
537814-1152929-0	323	X	X
538998-1298488-0	380	X	X
541289-1148549-0	435	X	X
541568-1148292-0	314	X	X
542224-1149570-15921	333	X	X
542224-1149570-29586	333	X	X
542868-1269801-0	339	X	X
544164-1153195-0	484	X	X
544899-1296716-0	423	X	X
545006-1154797-0	324	X	X
545404-1166050-0	300	X	X
545820-1598588-0	469	X	X
546068-1156738-0	364	X	X
546102-2583504-0	333	X	X
546858-1158286-0	268	X	X
547237-1159219-0	333	X	X
547237-1159219-101077	359	X	X
547504-1262219-0	323	X	X
547883-1160360-1851	300	X	X
547883-1464433-0	300	X	X
549745-1215127-0	323	X	X
550414-1306747-0	235	X	X
550414-1306747-91682	235	X	X
550741-1166723-0	408	X	X
551125-1176571-0	380	X	X
551397-1632690-0	469	X	X
551831-1168783-0	349	X	X
552854-1181521-8155	400	X	X
552966-1170939-0	364	X	X
554041-1173022-0	407	X	X
554068-1779636-1050	395	X	X
554068-1779636-297911	300	X	X
554068-1779636-88767	395	X	X
554636-1174143-0	345	X	X
554681-1174221-0	382	X	X
555132-1255391-0	333	X	X
555749-1506561-0	333	X	X
555749-1506561-279166	333	X	X
556206-1177137-0	333	X	X
556206-1177137-308671	333	X	X
556360-1177489-0	308	X	X
556434-1177612-0	286	X	X
556473-1177694-0	300	X	X
556953-1178607-0	357	X	X
557579-1179747-0	455	X	X
557974-1181111-0	469	X	X
557974-1181111-138751	469	X	X
557974-1181111-273751	469	X	X
557974-1181111-303752	469	X	X
558387-1182780-0	429	X	X
558694-1187250-0	266	X	X
559248-1195035-6227	300	X	X
559776-1183803-0	469	X	X
56017-169639-0	313	X	X
564354-1193128-0	313	X	X
565004-1872246-10766	319	X	X
565072-1194389-0	429	X	X
566856-1200705-0	476	X	X
567228-1359862-0	333	X	X
569335-1210137-0	366	X	X
570679-1211730-0	250	X	X
571024-2322224-0	462	X	X
573460-1214817-0	273	X	X
573894-1269592-0	343	X	X
574437-1300243-0	250	X	X
575373-1218408-0	455	X	X
578146-1223751-0	476	X	X
578231-1223916-0	330	X	X
578231-1223916-40025	330	X	X
578231-1223916-51893	330	X	X
578231-1223916-75629	330	X	X
579130-1675744-13008	246	X	X
579692-1227418-0	231	X	X
580214-1228509-0	343	X	X
580214-1228509-161210	343	X	X
580215-1290618-0	319	X	X
580215-1290618-115114	319	X	X
581584-1587973-0	462	X	X
581816-1231420-0	333	X	X
581816-1231420-105464	333	X	X
581816-1231420-148464	333	X	X
581816-1231420-205464	333	X	X
581816-1231420-22798	333	X	X
581816-1231420-269463	333	X	X
581816-1231420-283877	333	X	X
581816-1231420-70798	333	X	X
582785-1233352-1251	343	X	X
583227-1234260-0	333	X	X
58387-454641-0	364	X	X
58387-454641-62156	364	X	X
587616-1734126-8447	324	X	X
589359-1247516-0	250	X	X
58951-243850-0	300	X	X
58951-243850-123562	300	X	X
58951-243850-137962	300	X	X
589878-1248546-0	286	X	X
590709-1253378-0	361	X	X
590709-1253378-69494	361	X	X
591277-1251386-0	400	X	X
591589-1135070-152730	260	X	X
591589-1135070-196373	260	X	X
591589-1135070-29613	260	X	X
591589-1135070-49352	260	X	X
591589-1135070-70132	260	X	X
591589-1135070-98185	260	X	X
591635-1275371-0	429	X	X
591987-1252651-0	423	X	X
592259-1253183-0	353	X	X
592259-1253183-184380	353	X	X
592259-1253183-197058	353	X	X
592381-1601880-0	313	X	X
59286-183357-0	313	X	X
59286-183357-275344	313	X	X
594067-1277965-0	337	X	X
596704-1263997-0	364	X	X
596973-1262158-131747	261	X	X
596973-1262158-7313	261	X	X
600702-1269345-0	423	X	X
60136-181510-12876	333	X	X
601865-1271343-0	400	X	X
601865-1271343-309413	400	X	X
602861-1405927-0	364	X	X
602903-1276080-0	400	X	X
602903-1276080-222009	400	X	X
603051-1287386-0	321	X	X
603694-1274975-0	400	X	X
605290-1352167-0	345	X	X
605523-1279343-0	233	X	X
60588-181647-0	343	X	X
606419-1283710-10128	294	X	X
606419-1283710-26011	294	X	X
609043-1397047-0	353	X	X
609189-1290043-0	273	X	X
609189-1290043-159140	250	X	X
609189-1290043-82967	261	X	X
609311-1303586-0	291	X	X
611095-1295717-0	343	X	X
611224-1325315-0	375	X	X
61207-182613-0	480	X	X
61525-199449-87075	375	X	X
616482-1400375-0	316	X	X
616707-1300531-0	337	X	X
617796-1302535-0	420	X	X
618953-1304748-0	343	X	X
620910-1315311-0	324	X	X
622109-1311564-0	349	X	X
622146-1378086-0	420	X	X
62440-185596-1732	408	X	X
62440-185596-68671	408	X	X
624754-1316740-9807	484	X	X
625302-1323227-0	250	X	X
625881-1319335-1637	353	X	X
625881-1319335-18578	353	X	X
625881-1319335-205256	474	X	X
625881-1319335-227992	316	X	X
625881-1319335-38520	316	X	X
626406-1359903-0	343	X	X
626569-1320546-0	469	X	X
627085-1364125-0	423	X	X
627343-1321979-0	469	X	X
627928-1324947-0	234	X	X
627928-1324947-128424	235	X	X
627928-1324947-167820	234	X	X
628968-1332737-0	324	X	X
630223-1330488-0	458	X	X
630407-1437118-0	306	X	X
634231-1346600-0	390	X	X
63434-208935-0	387	X	X
63434-208935-149898	387	X	X
63434-208935-76351	387	X	X
63434-208935-99576	387	X	X
636006-1456575-0	469	X	X
636105-1387939-0	462	X	X
641441-1360148-16960	444	X	X
641441-1360148-61388	444	X	X
641718-1385091-0	448	X	X
641718-1385091-154519	448	X	X
641718-1385091-190332	448	X	X
641718-1385091-215400	449	X	X
641718-1385091-235131	448	X	X
641718-1385091-270967	448	X	X
641718-1385091-68555	448	X	X
643513-1364063-0	375	X	X
644968-1366775-21861	316	X	X
647571-1371893-0	435	X	X
651755-1382659-0	385	X	X
651869-1406945-0	274	X	X
651869-1406945-21892	274	X	X
651869-1406945-73124	274	X	X
652069-1382700-0	353	X	X
653835-1385944-0	462	X	X
654452-1388891-0	455	X	X
65491-709261-0	429	X	X
65491-709261-23666	316	X	X
655770-1389608-0	319	X	X
655996-1390019-219666	251	X	X
656098-1396695-0	341	X	X
65747-205711-0	308	X	X
658008-1396330-0	270	X	X
659093-1396072-0	343	X	X
660109-1416272-0	343	X	X
660672-1398881-0	293	X	X
661844-1401842-0	429	X	X
661919-1414507-0	341	X	X
662675-1408544-0	278	X	X
662675-1408544-116473	278	X	X
662675-1408544-184806	278	X	X
662675-1408544-212306	278	X	X
662675-1408544-263972	278	X	X
662675-1408544-95640	278	X	X
664099-1413791-185047	417	X	X
664099-1413791-5047	417	X	X
664522-1406451-0	349	X	X
664636-1406645-0	370	X	X
664758-1406861-215320	414	X	X
665175-1407811-0	337	X	X
666776-1411083-0	238	X	X
666776-1411083-32020	238	X	X
667097-1427204-0	300	X	X
667097-1427204-31916	300	X	X
667290-1411984-0	333	X	X
667433-1412248-147539	343	X	X
667433-1412248-166739	343	X	X
667433-1412248-35768	343	X	X
667433-1412248-91311	343	X	X
668693-1414600-0	429	X	X
668693-1414600-250570	429	X	X
668693-1414600-312271	429	X	X
668693-1414600-368845	429	X	X
668693-1414600-398008	429	X	X
668693-1414600-451134	429	X	X
668693-1414600-485417	429	X	X
668693-1414600-558838	429	X	X
668693-1414600-635533	429	X	X
668693-1414600-649223	429	X	X
668693-1414600-669820	429	X	X
668693-1414600-69487	429	X	X
668693-1414600-784687	429	X	X
668799-1414762-5443	353	X	X
670800-1543364-0	331	X	X
67105-891250-0	343	X	X
67276-195633-0	316	X	X
672960-1423969-14867	466	X	X
673138-1463669-0	451	X	X
673138-1463669-63400	438	X	X
673365-1425096-0	392	X	X
675461-1428899-0	299	X	X
677029-1448635-0	429	X	X
677687-1438652-0	375	X	X
677898-1433516-0	375	X	X
679272-1436329-0	333	X	X
679272-1436329-102765	333	X	X
679272-1436329-147098	333	X	X
679272-1436329-205431	333	X	X
679272-1436329-22768	333	X	X
679272-1436329-70766	333	X	X
68004-197117-0	375	X	X
682141-1442495-0	429	X	X
682290-1442773-0	414	X	X
68259-197682-0	278	X	X
68259-197682-107250	278	X	X
683123-1444708-0	392	X	X
685864-1453868-0	347	X	X
686777-1519885-0	476	X	X
68892-199047-0	403	X	X
68893-200274-0	429	X	X
69137-425385-0	333	X	X
692091-1488808-0	316	X	X
692559-1572052-0	377	X	X
693727-1473795-0	300	X	X
693946-1468282-0	337	X	X
696175-1480224-0	316	X	X
697961-1525129-0	395	X	X
698737-1479802-0	343	X	X
70057-201601-0	353	X	X
703347-1488097-0	353	X	X
705434-1492042-0	417	X	X
70596-126873-0	324	X	X
70596-126873-32463	324	X	X
706818-1494420-0	316	X	X
70716-206840-0	364	X	X
707371-1541347-0	313	X	X
707380-1503470-0	341	X	X
707380-1503470-11784	341	X	X
707380-1503470-63625	364	X	X
710305-1501517-0	373	X	X
710305-1501517-236577	353	X	X
710897-1505211-0	375	X	X
712779-1506556-0	353	X	X
712993-1517266-37778	462	X	X
712993-1517266-4547	462	X	X
717343-1516778-0	250	X	X
718632-1552952-0	411	X	X
718732-1518608-0	333	X	X
719158-1542952-0	265	X	X
719158-1542952-104778	265	X	X
719552-1521434-0	353	X	X
719896-1520055-0	316	X	X
719896-1520055-21338	316	X	X
719896-1520055-31600	316	X	X
720240-1524133-0	332	X	X
720424-1538162-6605	423	X	X
721320-1523138-0	386	X	X
721721-1523957-0	469	X	X
721804-1531842-0	324	X	X
72217-213833-0	273	X	X
722463-1525241-206192	429	X	X
722463-1525241-274770	429	X	X
722463-1525241-302162	429	X	X
722463-1525241-341614	429	X	X
722463-1525241-89617	429	X	X
723024-1559935-0	308	X	X
72345-206818-0	370	X	X
72420-206971-41132	377	X	X
72420-206971-4907	377	X	X
72420-206971-77358	377	X	X
72420-206971-95470	377	X	X
724594-1533603-0	364	X	X
724704-1547825-0	333	X	X
724759-1530409-0	414	X	X
725579-1532008-0	343	X	X
725769-1532376-0	469	X	X
725769-1532376-179901	435	X	X
725769-1532376-261688	345	X	X
725769-1532376-331462	469	X	X
728075-1538056-0	432	X	X
729058-1585523-0	337	X	X
729059-1551651-0	375	X	X
729156-1539185-0	361	X	X
729156-1539185-343003	361	X	X
729279-1545608-0	455	X	X
729588-1539972-0	353	X	X
730367-1565293-0	328	X	X
731933-1803876-0	444	X	X
732980-1551810-0	364	X	X
734135-1580557-0	353	X	X
734135-1580557-112259	353	X	X
734352-1549486-0	420	X	X
734443-1549642-0	303	X	X
734443-1549642-10033	275	X	X
734487-1549786-0	300	X	X
734555-1550335-31498	337	X	X
735351-1552342-0	343	X	X
735711-1552896-0	414	X	X
736694-1571816-0	423	X	X
737852-1557181-0	450	X	X
737852-1557181-10358	300	X	X
737852-1557181-60758	450	X	X
737852-1557181-75158	300	X	X
738011-1559387-0	364	X	X
739262-1601126-0	379	X	X
73976-210359-0	333	X	X
740541-1562317-119200	250	X	X
740541-1562317-12700	250	X	X
74126-216256-0	455	X	X
744303-1569378-0	345	X	X
74452-211439-0	387	X	X
745401-1574159-0	340	X	X
745401-1574159-178964	341	X	X
745524-1589871-0	375	X	X
74606-211732-0	462	X	X
746316-1605451-0	435	X	X
746625-1573523-0	316	X	X
74664-211889-0	300	X	X
746655-1573582-21526	417	X	X
747066-1574312-0	405	X	X
748291-1621084-0	347	X	X
748589-1609565-0	444	X	X
748836-1604098-0	368	X	X
750363-1580161-33734	353	X	X
750963-1581190-0	429	X	X
751782-1582610-0	333	X	X
751785-1582618-38869	353	X	X
751846-1582772-0	300	X	X
753005-1585398-0	390	X	X
753514-1589404-0	319	X	X
753514-1589404-67971	319	X	X
754110-1587703-44517	353	X	X
754219-1587909-0	348	X	X
754277-1588075-0	400	X	X
754464-1588391-144376	300	X	X
754464-1588391-167176	300	X	X
754464-1588391-188776	300	X	X
754464-1588391-203176	300	X	X
754464-1588391-238276	300	X	X
754464-1588391-5176	300	X	X
75509-213302-11459	313	X	X
757813-1596819-0	364	X	X
758130-1603339-0	326	X	X
760407-1599267-0	469	X	X
760407-1599267-75466	469	X	X
760407-1599267-97965	469	X	X
760473-1636694-0	250	X	X
760473-1636694-89506	250	X	X
760628-1658081-0	341	X	X
761500-1601237-0	433	X	X
762232-1602634-0	250	X	X
762635-1700716-0	349	X	X
763094-1604268-0	333	X	X
763094-1604268-133783	308	X	X
763094-1604268-13790	308	X	X
763094-1604268-192859	313	X	X
763094-1604268-208227	308	X	X
763094-1604268-264842	308	X	X
763094-1604268-31328	308	X	X
763094-1604268-51327	308	X	X
763094-1604268-73480	308	X	X
763094-1604268-91018	308	X	X
763619-1607294-0	286	X	X
763619-1607294-64184	286	X	X
763819-1606044-0	335	X	X
764067-1624401-20710	387	X	X
765169-1608872-0	324	X	X
765778-1614054-0	296	X	X
766939-1692474-0	306	X	X
767253-1612691-28154	347	X	X
767253-1612691-3183	347	X	X
767253-1612691-38211	347	X	X
768065-1639281-0	286	X	X
768390-1615992-0	331	X	X
76882-230674-0	273	X	X
770165-1631954-5477	321	X	X
770300-1621175-0	343	X	X
772093-1626733-5147	300	X	X
773043-1643844-0	300	X	X
774450-1691685-0	455	X	X
774612-1628021-0	451	X	X
774612-1628021-41864	390	X	X
775130-1628912-0	429	X	X
775590-1630902-101433	308	X	X
775590-1630902-12203	308	X	X
775590-1630902-131586	308	X	X
775590-1630902-170970	308	X	X
775590-1630902-187585	308	X	X
775590-1630902-62049	308	X	X
776529-1633220-0	387	X	X
776939-1633499-0	333	X	X
776976-1632423-0	316	X	X
776979-1632428-0	375	X	X
777681-1633678-0	353	X	X
779107-1657468-0	309	X	X
77999-218464-0	400	X	X
780122-1638680-0	438	X	X
780368-1639306-0	395	X	X
781693-1641857-0	375	X	X
782078-1642364-0	333	X	X
782106-1642420-0	353	X	X
782778-1666092-0	333	X	X
782989-1644003-129531	349	X	X
782989-1644003-28989	349	X	X
782989-1644003-6582	349	X	X
782989-1644003-79277	349	X	X
785235-1648606-0	343	X	X
785703-1658312-0	313	X	X
785890-1676829-0	333	X	X
785902-1649916-0	375	X	X
785902-1649916-171389	375	X	X
785902-1649916-217902	375	X	X
785902-1649916-241894	375	X	X
785902-1649916-277887	375	X	X
785902-1649916-28887	375	X	X
785902-1649916-46895	375	X	X
785902-1649916-96387	375	X	X
786195-1683474-0	291	X	X
786689-1651310-0	480	X	X
786761-1652189-0	462	X	X
788865-1658715-0	323	X	X
789095-1656150-0	484	X	X
789095-1656150-11741	484	X	X
789095-1656150-251741	484	X	X
789095-1656150-274966	484	X	X
789095-1656150-402707	484	X	X
789738-1739825-0	469	X	X
790050-1663161-0	273	X	X
79116-221948-0	324	X	X
79149-229695-0	343	X	X
79149-229695-64152	343	X	X
79149-229695-75466	343	X	X
791667-1660761-0	441	X	X
791667-1660761-43256	441	X	X
793108-1696465-0	333	X	X
793931-1667532-0	333	X	X
794069-1667878-0	469	X	X
79454-281914-0	231	X	X
796420-1672407-0	353	X	X
797393-1674896-0	343	X	X
798261-1677119-0	400	X	X
798261-1677119-64323	400	X	X
798420-1676639-0	308	X	X
799551-1678715-0	313	X	X
799569-1680858-0	363	X	X
799699-1685570-0	438	X	X
79989-234643-0	387	X	X
801581-1724651-0	250	X	X
803569-1689479-0	291	X	X
804230-1690870-0	382	X	X
804233-1733839-0	316	X	X
804604-1689100-17215	387	X	X
806105-1708266-15341	466	X	X
806859-1701400-0	335	X	X
807855-1695388-0	323	X	X
808100-1737213-0	330	X	X
808175-1775026-0	316	X	X
808835-1700432-0	349	X	X
808864-1697343-0	345	X	X
809405-1698478-0	345	X	X
810537-1702850-0	303	X	X
812551-1725613-0	353	X	X
812551-1725613-61941	353	X	X
812551-1725613-88550	353	X	X
813451-1707072-0	323	X	X
813454-1707638-0	333	X	X
813536-1706168-0	373	X	X
813773-1706571-15676	231	X	X
817222-1713636-0	357	X	X
817411-1728014-0	316	X	X
817516-1714350-0	250	X	X
818245-1730526-0	333	X	X
819611-1718454-0	316	X	X
819611-1718454-188297	316	X	X
819611-1718454-199665	316	X	X
820198-1761413-0	429	X	X
820198-1761413-109701	440	X	X
820198-1761413-123683	429	X	X
820198-1761413-64027	429	X	X
822892-1724600-16830	400	X	X
822892-1724600-255230	400	X	X
823314-1725430-0	279	X	X
824959-1733441-0	353	X	X
827286-1734522-0	254	X	X
827875-1763997-111339	291	X	X
827875-1763997-13733	400	X	X
827875-1763997-166969	291	X	X
827875-1763997-186775	291	X	X
827875-1763997-264250	291	X	X
827875-1763997-40861	291	X	X
827875-1763997-91540	291	X	X
828808-1736412-25445	263	X	X
828808-1736412-254918	263	X	X
829511-1737885-0	451	X	X
829511-1737885-174541	351	X	X
829511-1737885-222260	351	X	X
829511-1737885-259101	351	X	X
829511-1737885-362960	351	X	X
829511-1737885-98402	351	X	X
829940-1745634-0	333	X	X
829940-1745634-213315	333	X	X
829940-1745634-371314	333	X	X
829940-1745634-463314	333	X	X
829940-1745634-78648	333	X	X
831242-1741498-0	441	X	X
831242-1741498-172987	441	X	X
831242-1741498-195928	441	X	X
83130-289999-0	353	X	X
832467-1744005-0	441	X	X
832467-1744005-100571	441	X	X
832467-1744005-16838	364	X	X
832467-1744005-58566	441	X	X
832467-1744005-72683	364	X	X
835194-1753408-0	361	X	X
835194-1753408-69488	361	X	X
83560-557963-0	343	X	X
839864-1759483-0	343	X	X
84023-231825-0	462	X	X
840447-1759213-70230	345	X	X
841592-1841732-0	240	X	X
844351-1766272-0	370	X	X
844351-1766272-13207	370	X	X
84487-232738-11745	313	X	X
84487-232738-189245	313	X	X
845714-1768837-0	387	X	X
845714-1768837-126676	387	X	X
845714-1768837-231966	385	X	X
845714-1768837-355042	386	X	X
84629-233026-0	353	X	X
846301-1770020-105380	343	X	X
846301-1770020-165678	462	X	X
846301-1770020-198916	462	X	X
846301-1770020-222832	343	X	X
846301-1770020-245403	343	X	X
846301-1770020-25153	333	X	X
846301-1770020-301631	337	X	X
846301-1770020-74591	343	X	X
847126-1771678-0	313	X	X
847126-1771678-178500	313	X	X
847126-1771678-29438	313	X	X
847126-1771678-298474	313	X	X
84865-287805-0	319	X	X
849022-1783219-0	368	X	X
849022-1783219-39067	368	X	X
849141-1778936-0	316	X	X
849141-1778936-217674	316	X	X
849141-1778936-85043	316	X	X
85040-242948-0	305	X	X
852771-1782371-0	347	X	X
852785-1789833-0	254	X	X
854503-1850300-0	341	X	X
857816-1810519-0	347	X	X
857857-1795425-0	375	X	X
85802-235470-0	316	X	X
85802-235470-12728	316	X	X
85802-235470-37438	316	X	X
859370-1819801-0	294	X	X
860748-1809947-0	339	X	X
861475-1808359-0	375	X	X
861946-1829451-0	273	X	X
863472-1809736-0	324	X	X
863472-1809736-479685	423	X	X
863472-1809736-500811	423	X	X
863999-1807130-0	426	X	X
864242-2038392-0	441	X	X
865577-1809853-0	375	X	X
865746-1810299-0	345	X	X
865761-1810172-113210	410	X	X
865761-1810172-258566	414	X	X
865761-1810172-281710	404	X	X
865761-1810172-314545	400	X	X
866443-1824472-0	349	X	X
866938-1812398-0	343	X	X
867519-1813535-0	469	X	X
867519-1813535-129579	351	X	X
867519-1813535-157334	469	X	X
868275-1840816-0	370	X	X
869594-1844157-7205	411	X	X
873811-1846237-0	330	X	X
873811-1846237-13066	326	X	X
873811-1846237-37848	323	X	X
874895-1849904-0	330	X	X
874895-1849904-141970	330	X	X
874895-1849904-155131	330	X	X
874895-1849904-209856	375	X	X
874895-1849904-43043	330	X	X
875043-1828741-0	351	X	X
875043-1828741-27106	330	X	X
875117-1878540-0	330	X	X
875117-1878540-125264	330	X	X
875117-1878540-150318	330	X	X
875117-1878540-38232	330	X	X
875962-1832015-0	353	X	X
876259-1831801-0	405	X	X
87689-239363-0	417	X	X
877973-1837184-0	343	X	X
879193-1838662-2684	333	X	X
880456-1871931-0	462	X	X
881769-1849408-0	343	X	X
883502-1846878-0	268	X	X
884100-1848062-0	444	X	X
884589-1848941-0	330	X	X
884845-1851542-0	349	X	X
884977-1858518-0	246	X	X
885837-1851411-0	429	X	X
885837-1851411-61800	428	X	X
88743-241695-0	349	X	X
888109-1906894-0	343	X	X
88911-294387-0	351	X	X
890270-1899839-0	316	X	X
891337-1863226-0	300	X	X
891632-1864006-0	311	X	X
893694-1867644-0	469	X	X
894026-1869428-24543	333	X	X
894296-1868825-0	294	X	X
894919-1870002-24587	333	X	X
896085-1872256-0	429	X	X
897698-1875397-0	323	X	X
897698-1875397-118785	323	X	X
897698-1875397-63298	323	X	X
89832-244045-18310	300	X	X
89832-244045-95411	300	X	X
899364-1878660-0	455	X	X
90095-252812-0	309	X	X
901131-1891696-0	337	X	X
901641-1882605-43240	300	X	X
907848-1894536-0	341	X	X
908561-1895860-0	368	X	X
908561-1895860-29726	339	X	X
908578-1895894-0	469	X	X
908578-1895894-127941	352	X	X
908578-1895894-157945	469	X	X
908729-1896448-0	330	X	X
914756-1912293-0	390	X	X
914756-1912293-13969	359	X	X
916277-1913606-0	359	X	X
916277-1913606-68190	359	X	X
917930-1917098-0	337	X	X
926030-1935741-0	288	X	X
926031-1934193-0	333	X	X
929313-1940924-427273	353	X	X
934627-1951848-0	429	X	X
93522-256549-0	333	X	X
93523-252238-0	462	X	X
93523-252238-227204	462	X	X
93523-252238-263204	231	X	X
93523-252238-49051	231	X	X
937213-1959471-0	331	X	X
942866-1969007-0	369	X	X
945904-1975112-0	375	X	X
94631-254574-0	349	X	X
952409-1988751-0	294	X	X
962088-2014470-0	330	X	X
962172-2014639-0	305	X	X
968171-2025941-0	323	X	X
96835-259336-0	429	X	X
971904-2034952-0	294	X	X
973230-2037461-0	476	X	X
975881-2045016-0	405	X	X
975881-2045016-101349	353	X	X
975881-2045016-144174	353	X	X
975881-2045016-168179	366	X	X
975881-2045016-194602	353	X	X
975881-2045016-217499	353	X	X
975881-2045016-74140	353	X	X
97614-260872-0	451	X	X
977903-2046631-0	341	X	X
98042-261741-0	333	X	X
98042-261741-123150	250	X	X
98042-261741-145450	333	X	X
98042-261741-61017	333	X	X
98042-261741-99150	250	X	X
98141-261937-0	231	X	X
982992-2057106-0	333	X	X
984641-2063684-0	469	X	X
987746-2066268-0	435	X	X
989347-2069610-0	343	X	X
995071-2182504-0	294	X	X
